Datum,Restenergiebedarf in MWh,Sign,Group
2030-11-23 13:00:00,14739.012104538691,Positive,617
2030-11-23 13:15:00,12825.764432881158,Positive,617
2030-11-23 13:30:00,11164.420817136757,Positive,617
2030-11-23 13:45:00,10034.092602381545,Positive,617
2030-11-23 14:00:00,9473.252994655493,Positive,617
2030-11-23 14:15:00,9514.739300537582,Positive,617
2030-11-23 14:30:00,9669.029393525136,Positive,617
2030-11-23 14:45:00,10175.527158494704,Positive,617
2030-11-23 15:00:00,11236.001067735771,Positive,617
2030-11-23 15:15:00,12144.74214585358,Positive,617
2030-11-23 15:30:00,12626.475516576967,Positive,617
2030-11-23 15:45:00,13162.519044860084,Positive,617
2030-11-23 16:00:00,13948.28364876426,Positive,617
2030-11-23 16:15:00,14517.844909545605,Positive,617
2030-11-23 16:30:00,15073.5424021384,Positive,617
2030-11-23 16:45:00,15668.800752193081,Positive,617
2030-11-23 17:00:00,17967.848336179733,Positive,617
2030-11-23 17:15:00,18134.695851639317,Positive,617
2030-11-23 17:30:00,18225.626134648453,Positive,617
2030-11-23 17:45:00,18344.940021397422,Positive,617
2030-11-23 18:00:00,18097.076079192855,Positive,617
2030-11-23 18:15:00,18012.328119204976,Positive,617
2030-11-23 18:30:00,18051.14187380642,Positive,617
2030-11-23 18:45:00,18092.030563505294,Positive,617
2030-11-23 19:00:00,17990.560656811685,Positive,617
2030-11-23 19:15:00,17988.865857964833,Positive,617
2030-11-23 19:30:00,17729.373615853205,Positive,617
2030-11-23 19:45:00,17442.468375922712,Positive,617
2030-11-23 20:00:00,16866.2777994954,Positive,617
2030-11-23 20:15:00,16393.391526995045,Positive,617
2030-11-23 20:30:00,16058.209336392243,Positive,617
2030-11-23 20:45:00,15631.944361583639,Positive,617
2030-11-23 21:00:00,15414.52805695717,Positive,617
2030-11-23 21:15:00,15137.93370262939,Positive,617
2030-11-23 21:30:00,14703.919775298282,Positive,617
2030-11-23 21:45:00,14424.206493921316,Positive,617
2030-11-23 22:00:00,14265.912373336438,Positive,617
2030-11-23 22:15:00,13962.179620077684,Positive,617
2030-11-23 22:30:00,13553.981593373675,Positive,617
2030-11-23 22:45:00,13527.865780947974,Positive,617
2030-11-23 23:00:00,13209.884832157006,Positive,617
2030-11-23 23:15:00,12846.423473782657,Positive,617
2030-11-23 23:30:00,12434.172233742374,Positive,617
2030-11-23 23:45:00,12300.683067339434,Positive,617
2030-11-24 00:00:00,11724.39021790138,Positive,617
2030-11-24 00:15:00,11335.17829524217,Positive,617
2030-11-24 00:30:00,11002.216582445399,Positive,617
2030-11-24 00:45:00,10943.009899279654,Positive,617
2030-11-24 01:00:00,10843.888134990517,Positive,617
2030-11-24 01:15:00,10804.369498144391,Positive,617
2030-11-24 01:30:00,10914.109758663097,Positive,617
2030-11-24 01:45:00,11058.930111725726,Positive,617
2030-11-24 02:00:00,11307.893351518758,Positive,617
2030-11-24 02:15:00,11488.58981503268,Positive,617
2030-11-24 02:30:00,12060.85627854232,Positive,617
2030-11-24 02:45:00,12763.44101681343,Positive,617
2030-11-24 03:00:00,15285.836827227511,Positive,617
2030-11-24 03:15:00,15969.65523264229,Positive,617
2030-11-24 03:30:00,16597.806375456777,Positive,617
2030-11-24 03:45:00,17564.428162414326,Positive,617
2030-11-24 04:00:00,18381.337213118903,Positive,617
2030-11-24 04:15:00,19283.00631125074,Positive,617
2030-11-24 04:30:00,19916.95250176003,Positive,617
2030-11-24 04:45:00,20721.036091638052,Positive,617
2030-11-24 05:00:00,21849.77159140473,Positive,617
2030-11-24 05:15:00,22905.733691674835,Positive,617
2030-11-24 05:30:00,24027.42336618502,Positive,617
2030-11-24 05:45:00,25092.005163348185,Positive,617
2030-11-24 06:00:00,26687.335969320524,Positive,617
2030-11-24 06:15:00,28033.271050097057,Positive,617
2030-11-24 06:30:00,29033.668669351486,Positive,617
2030-11-24 06:45:00,29974.873079700825,Positive,617
2030-11-24 07:00:00,30874.46481522883,Positive,617
2030-11-24 07:15:00,31211.902066019073,Positive,617
2030-11-24 07:30:00,31322.53709630001,Positive,617
2030-11-24 07:45:00,31283.82172717019,Positive,617
2030-11-24 08:00:00,29698.238844108928,Positive,617
2030-11-24 08:15:00,29585.087362022372,Positive,617
2030-11-24 08:30:00,28930.32885935673,Positive,617
2030-11-24 08:45:00,28495.76264662441,Positive,617
2030-11-24 09:00:00,28073.229876980804,Positive,617
2030-11-24 09:15:00,27523.617535989393,Positive,617
2030-11-24 09:30:00,26382.65947744345,Positive,617
2030-11-24 09:45:00,25850.753407207376,Positive,617
2030-11-24 10:00:00,24139.808093226573,Positive,617
2030-11-24 10:15:00,23393.63257978846,Positive,617
2030-11-24 10:30:00,22025.125761820236,Positive,617
2030-11-24 10:45:00,20226.926722966455,Positive,617
2030-11-24 11:00:00,5378.678376093205,Positive,617
2030-11-24 11:15:00,4951.986861330843,Positive,617
2030-11-24 11:30:00,4474.647623683877,Positive,617
2030-11-24 11:45:00,3593.604332698191,Positive,617
2030-11-24 12:00:00,2964.5225921571964,Positive,617
2030-11-24 12:15:00,2351.615150536998,Positive,617
2030-11-24 12:30:00,2080.741610740748,Positive,617
2030-11-24 12:45:00,5132.0391262787,Positive,617
2030-11-24 13:00:00,24558.966421667756,Positive,617
2030-11-24 13:15:00,23395.349053244958,Positive,617
2030-11-24 13:30:00,21923.26576831654,Positive,617
2030-11-24 13:45:00,20162.387000246526,Positive,617
2030-11-24 14:00:00,18782.807116346034,Positive,617
2030-11-24 14:15:00,18444.648058965293,Positive,617
2030-11-24 14:30:00,18203.8079227324,Positive,617
2030-11-24 14:45:00,17983.76195020313,Positive,617
2030-11-24 15:00:00,17926.800521337682,Positive,617
2030-11-24 15:15:00,18428.72355396512,Positive,617
2030-11-24 15:30:00,18913.731170089377,Positive,617
2030-11-24 15:45:00,19159.00784441762,Positive,617
2030-11-24 16:00:00,19928.65082882602,Positive,617
2030-11-24 16:15:00,20472.920641502784,Positive,617
2030-11-24 16:30:00,20986.85551730772,Positive,617
2030-11-24 16:45:00,21465.933020675293,Positive,617
2030-11-24 17:00:00,22283.15572494878,Positive,617
2030-11-24 17:15:00,22716.96177582739,Positive,617
2030-11-24 17:30:00,23203.533821546072,Positive,617
2030-11-24 17:45:00,23084.681095904427,Positive,617
2030-11-24 18:00:00,24710.467074123473,Positive,617
2030-11-24 18:15:00,24559.43935555078,Positive,617
2030-11-24 18:30:00,24655.80214344612,Positive,617
2030-11-24 18:45:00,24843.63180537428,Positive,617
2030-11-24 19:00:00,24741.048273885066,Positive,617
2030-11-24 19:15:00,24550.207401691794,Positive,617
2030-11-24 19:30:00,24581.88882959236,Positive,617
2030-11-24 19:45:00,24231.88553881423,Positive,617
2030-11-24 20:00:00,23591.188829135855,Positive,617
2030-11-24 20:15:00,22859.397320684286,Positive,617
2030-11-24 20:30:00,22753.856598665676,Positive,617
2030-11-24 20:45:00,22407.003204684697,Positive,617
2030-11-24 21:00:00,21950.78568822219,Positive,617
2030-11-24 21:15:00,21967.625899623254,Positive,617
2030-11-24 21:30:00,21660.44910478576,Positive,617
2030-11-24 21:45:00,21511.662735969243,Positive,617
2030-11-24 22:00:00,21520.6757406479,Positive,617
2030-11-24 22:15:00,21640.684481175536,Positive,617
2030-11-24 22:30:00,21805.485550870457,Positive,617
2030-11-24 22:45:00,21877.895515287993,Positive,617
2030-11-24 23:00:00,21853.87402577362,Positive,617
2030-11-24 23:15:00,21902.409153363507,Positive,617
2030-11-24 23:30:00,21977.205718756864,Positive,617
2030-11-24 23:45:00,21876.505344093268,Positive,617
2030-11-25 00:00:00,23002.311680452065,Positive,617
2030-11-25 00:15:00,23110.175684936898,Positive,617
2030-11-25 00:30:00,23114.572202635925,Positive,617
2030-11-25 00:45:00,23190.327043965117,Positive,617
2030-11-25 01:00:00,23329.032782487255,Positive,617
2030-11-25 01:15:00,23492.804561520454,Positive,617
2030-11-25 01:30:00,23737.01537930275,Positive,617
2030-11-25 01:45:00,23747.3459409938,Positive,617
2030-11-25 02:00:00,24211.056278546952,Positive,617
2030-11-25 02:15:00,24674.671607539523,Positive,617
2030-11-25 02:30:00,25092.839951396665,Positive,617
2030-11-25 02:45:00,25439.953005252744,Positive,617
2030-11-25 03:00:00,25837.74290987819,Positive,617
2030-11-25 03:15:00,26093.96582271134,Positive,617
2030-11-25 03:30:00,26286.056104286774,Positive,617
2030-11-25 03:45:00,26742.140650578956,Positive,617
2030-11-25 04:00:00,27566.887779923676,Positive,617
2030-11-25 04:15:00,28054.764401928325,Positive,617
2030-11-25 04:30:00,28529.64882518856,Positive,617
2030-11-25 04:45:00,28943.67819244187,Positive,617
2030-11-25 05:00:00,29526.98673189737,Positive,617
2030-11-25 05:15:00,29973.224041840433,Positive,617
2030-11-25 05:30:00,30303.928468679656,Positive,617
2030-11-25 05:45:00,30947.247852475142,Positive,617
2030-11-25 06:00:00,32771.178677331765,Positive,617
2030-11-25 06:15:00,33225.289117136235,Positive,617
2030-11-25 06:30:00,33634.69876592915,Positive,617
2030-11-25 06:45:00,34158.97505386375,Positive,617
2030-11-25 07:00:00,34441.61324773013,Positive,617
2030-11-25 07:15:00,34591.74757491318,Positive,617
2030-11-25 07:30:00,34707.486126047406,Positive,617
2030-11-25 07:45:00,34725.67514640845,Positive,617
2030-11-25 08:00:00,34665.885171241534,Positive,617
2030-11-25 08:15:00,34192.14024055637,Positive,617
2030-11-25 08:30:00,33555.4021876177,Positive,617
2030-11-25 08:45:00,33099.86013428172,Positive,617
2030-11-25 09:00:00,32644.06238845619,Positive,617
2030-11-25 09:15:00,31862.891579930587,Positive,617
2030-11-25 09:30:00,30764.680998473326,Positive,617
2030-11-25 09:45:00,29732.435707589415,Positive,617
2030-11-25 10:00:00,27690.973435758042,Positive,617
2030-11-25 10:15:00,26756.147552928785,Positive,617
2030-11-25 10:30:00,25269.165048612558,Positive,617
2030-11-25 10:45:00,23500.801099539207,Positive,617
2030-11-25 11:00:00,4956.034680309916,Positive,617
2030-11-25 11:15:00,4981.448869505568,Positive,617
2030-11-25 11:30:00,4854.184718103314,Positive,617
2030-11-25 11:45:00,4648.035208808846,Positive,617
2030-11-25 12:00:00,4424.890425821515,Positive,617
2030-11-25 12:15:00,4512.936760261533,Positive,617
2030-11-25 12:30:00,4623.511078237776,Positive,617
2030-11-25 12:45:00,8105.102198894048,Positive,617
2030-11-25 13:00:00,29085.133135607968,Positive,617
2030-11-25 13:15:00,28806.221561376384,Positive,617
2030-11-25 13:30:00,28137.17775511818,Positive,617
2030-11-25 13:45:00,26607.85895312309,Positive,617
2030-11-25 14:00:00,25395.77215160429,Positive,617
2030-11-25 14:15:00,24967.594148229215,Positive,617
2030-11-25 14:30:00,24653.67513636079,Positive,617
2030-11-25 14:45:00,24571.09702835996,Positive,617
2030-11-25 15:00:00,26853.32374025366,Positive,617
2030-11-25 15:15:00,27565.801767015524,Positive,617
2030-11-25 15:30:00,28164.926029820992,Positive,617
2030-11-25 15:45:00,28226.70122066514,Positive,617
2030-11-25 16:00:00,28775.211034581025,Positive,617
2030-11-25 16:15:00,29113.0994535066,Positive,617
2030-11-25 16:30:00,29297.612861608624,Positive,617
2030-11-25 16:45:00,29673.732753603603,Positive,617
2030-11-25 17:00:00,30243.88716575947,Positive,617
2030-11-25 17:15:00,30440.395293980615,Positive,617
2030-11-25 17:30:00,30386.560857714074,Positive,617
2030-11-25 17:45:00,30568.605263477402,Positive,617
2030-11-25 18:00:00,30974.59363559518,Positive,617
2030-11-25 18:15:00,31249.590616885034,Positive,617
2030-11-25 18:30:00,31172.253661865136,Positive,617
2030-11-25 18:45:00,31345.603669669683,Positive,617
2030-11-25 19:00:00,31393.37798171906,Positive,617
2030-11-25 19:15:00,31303.841838866465,Positive,617
2030-11-25 19:30:00,31075.46071163925,Positive,617
2030-11-25 19:45:00,30833.70902485603,Positive,617
2030-11-25 20:00:00,30897.950777661004,Positive,617
2030-11-25 20:15:00,30288.903068752967,Positive,617
2030-11-25 20:30:00,29986.51480965476,Positive,617
2030-11-25 20:45:00,29778.575505631095,Positive,617
2030-11-25 21:00:00,29776.170063396155,Positive,617
2030-11-25 21:15:00,29730.20496935429,Positive,617
2030-11-25 21:30:00,29681.797551271062,Positive,617
2030-11-25 21:45:00,29944.340520579724,Positive,617
2030-11-25 22:00:00,30113.626935855744,Positive,617
2030-11-25 22:15:00,30187.038945871725,Positive,617
2030-11-25 22:30:00,30135.318556763625,Positive,617
2030-11-25 22:45:00,29868.808890604843,Positive,617
2030-11-25 23:00:00,29570.440672422534,Positive,617
2030-11-25 23:15:00,29487.845845476542,Positive,617
2030-11-25 23:30:00,29104.320187276797,Positive,617
2030-11-25 23:45:00,28891.348388761944,Positive,617
2030-11-26 00:00:00,29687.523306590083,Positive,617
2030-11-26 00:15:00,29450.035784322077,Positive,617
2030-11-26 00:30:00,29081.172763196442,Positive,617
2030-11-26 00:45:00,29250.620049532627,Positive,617
2030-11-26 01:00:00,28825.461116482962,Positive,617
2030-11-26 01:15:00,28748.14889631039,Positive,617
2030-11-26 01:30:00,28582.16545524512,Positive,617
2030-11-26 01:45:00,28567.9069716197,Positive,617
2030-11-26 02:00:00,28799.48287711098,Positive,617
2030-11-26 02:15:00,29188.544401733096,Positive,617
2030-11-26 02:30:00,29452.20986932637,Positive,617
2030-11-26 02:45:00,29895.449220616967,Positive,617
2030-11-26 03:00:00,30431.65800748211,Positive,617
2030-11-26 03:15:00,30757.86822362994,Positive,617
2030-11-26 03:30:00,31143.446183454922,Positive,617
2030-11-26 03:45:00,31760.0825721474,Positive,617
2030-11-26 04:00:00,32510.5635635011,Positive,617
2030-11-26 04:15:00,32893.734947744335,Positive,617
2030-11-26 04:30:00,33397.00912607295,Positive,617
2030-11-26 04:45:00,33974.20068490214,Positive,617
2030-11-26 05:00:00,34442.38147753397,Positive,617
2030-11-26 05:15:00,34770.40593387934,Positive,617
2030-11-26 05:30:00,35300.081555051736,Positive,617
2030-11-26 05:45:00,36007.7747365336,Positive,617
2030-11-26 06:00:00,36511.74297389578,Positive,617
2030-11-26 06:15:00,36707.251016303,Positive,617
2030-11-26 06:30:00,37138.083211791905,Positive,617
2030-11-26 06:45:00,37350.073617206916,Positive,617
2030-11-26 07:00:00,37479.9833214484,Positive,617
2030-11-26 07:15:00,37556.99697146954,Positive,617
2030-11-26 07:30:00,37596.94742663419,Positive,617
2030-11-26 07:45:00,37479.361205851994,Positive,617
2030-11-26 08:00:00,37412.85687552921,Positive,617
2030-11-26 08:15:00,37297.13687150106,Positive,617
2030-11-26 08:30:00,37070.292847274635,Positive,617
2030-11-26 08:45:00,36766.40686842998,Positive,617
2030-11-26 09:00:00,36453.6147138439,Positive,617
2030-11-26 09:15:00,36156.80127556548,Positive,617
2030-11-26 09:30:00,35734.24968216407,Positive,617
2030-11-26 09:45:00,35005.15820782835,Positive,617
2030-11-26 10:00:00,32071.060020006855,Positive,617
2030-11-26 10:15:00,31222.14237727036,Positive,617
2030-11-26 10:30:00,30097.24468720825,Positive,617
2030-11-26 10:45:00,28930.19449193867,Positive,617
2030-11-26 11:00:00,12010.086041500235,Positive,617
2030-11-26 11:15:00,11842.107242635422,Positive,617
2030-11-26 11:30:00,11611.6636967219,Positive,617
2030-11-26 11:45:00,11465.430907219166,Positive,617
2030-11-26 12:00:00,11554.158706383496,Positive,617
2030-11-26 12:15:00,11488.898244899556,Positive,617
2030-11-26 12:30:00,11228.462210953043,Positive,617
2030-11-26 12:45:00,14454.735816397455,Positive,617
2030-11-26 13:00:00,37239.67203046121,Positive,617
2030-11-26 13:15:00,37656.654996935285,Positive,617
2030-11-26 13:30:00,37120.484091646744,Positive,617
2030-11-26 13:45:00,35332.66095522412,Positive,617
2030-11-26 14:00:00,33908.79593477296,Positive,617
2030-11-26 14:15:00,33060.44501918251,Positive,617
2030-11-26 14:30:00,32212.10651194103,Positive,617
2030-11-26 14:45:00,31740.98080081217,Positive,617
2030-11-26 15:00:00,33688.82606058605,Positive,617
2030-11-26 15:15:00,33883.92350274622,Positive,617
2030-11-26 15:30:00,33902.706789387375,Positive,617
2030-11-26 15:45:00,33608.84252555478,Positive,617
2030-11-26 16:00:00,33566.94325615051,Positive,617
2030-11-26 16:15:00,33613.52694103377,Positive,617
2030-11-26 16:30:00,33520.29199258252,Positive,617
2030-11-26 16:45:00,33948.02980024338,Positive,617
2030-11-26 17:00:00,34151.667238232876,Positive,617
2030-11-26 17:15:00,34181.11625737987,Positive,617
2030-11-26 17:30:00,34325.616009357465,Positive,617
2030-11-26 17:45:00,34267.30962005196,Positive,617
2030-11-26 18:00:00,34537.9236417207,Positive,617
2030-11-26 18:15:00,34795.48655543773,Positive,617
2030-11-26 18:30:00,34817.86740872846,Positive,617
2030-11-26 18:45:00,34921.401334332804,Positive,617
2030-11-26 19:00:00,34848.75209918813,Positive,617
2030-11-26 19:15:00,34930.514587027144,Positive,617
2030-11-26 19:30:00,34766.2651092451,Positive,617
2030-11-26 19:45:00,34397.945114467206,Positive,617
2030-11-26 20:00:00,35477.799738779904,Positive,617
2030-11-26 20:15:00,34778.24329980915,Positive,617
2030-11-26 20:30:00,34415.816892734394,Positive,617
2030-11-26 20:45:00,33984.90429480856,Positive,617
2030-11-26 21:00:00,33451.66679672453,Positive,617
2030-11-26 21:15:00,32966.71097177522,Positive,617
2030-11-26 21:30:00,32379.152033324666,Positive,617
2030-11-26 21:45:00,32333.913304201677,Positive,617
2030-11-26 22:00:00,32573.145762578908,Positive,617
2030-11-26 22:15:00,32334.806749568063,Positive,617
2030-11-26 22:30:00,32126.52716055583,Positive,617
2030-11-26 22:45:00,31760.880078972416,Positive,617
2030-11-26 23:00:00,33064.11798705961,Positive,617
2030-11-26 23:15:00,33114.48297406567,Positive,617
2030-11-26 23:30:00,32875.6782069357,Positive,617
2030-11-26 23:45:00,32642.994560115378,Positive,617
2030-11-27 00:00:00,32112.035881584932,Positive,617
2030-11-27 00:15:00,31972.17683988154,Positive,617
2030-11-27 00:30:00,31976.524829563095,Positive,617
2030-11-27 00:45:00,31918.46447839743,Positive,617
2030-11-27 01:00:00,31792.964419740667,Positive,617
2030-11-27 01:15:00,31671.85514978052,Positive,617
2030-11-27 01:30:00,31712.64959524906,Positive,617
2030-11-27 01:45:00,31939.525360601463,Positive,617
2030-11-27 02:00:00,32474.699575217255,Positive,617
2030-11-27 02:15:00,32980.99518351896,Positive,617
2030-11-27 02:30:00,33572.142686962914,Positive,617
2030-11-27 02:45:00,34164.23060484784,Positive,617
2030-11-27 03:00:00,36404.45565848482,Positive,617
2030-11-27 03:15:00,36889.818488285324,Positive,617
2030-11-27 03:30:00,37201.77391238655,Positive,617
2030-11-27 03:45:00,37945.401692663305,Positive,617
2030-11-27 04:00:00,40274.66228804053,Positive,617
2030-11-27 04:15:00,40889.132709902784,Positive,617
2030-11-27 04:30:00,41417.97023861398,Positive,617
2030-11-27 04:45:00,42010.341926646346,Positive,617
2030-11-27 05:00:00,42832.10646445166,Positive,617
2030-11-27 05:15:00,43410.05916397917,Positive,617
2030-11-27 05:30:00,44093.95187708984,Positive,617
2030-11-27 05:45:00,45232.94579198367,Positive,617
2030-11-27 06:00:00,46891.006870022866,Positive,617
2030-11-27 06:15:00,48163.90112608919,Positive,617
2030-11-27 06:30:00,49002.78324872032,Positive,617
2030-11-27 06:45:00,49534.02360613828,Positive,617
2030-11-27 07:00:00,49022.38505496189,Positive,617
2030-11-27 07:15:00,49307.408692908175,Positive,617
2030-11-27 07:30:00,49267.56723155035,Positive,617
2030-11-27 07:45:00,49012.8562041577,Positive,617
2030-11-27 08:00:00,47469.2640974711,Positive,617
2030-11-27 08:15:00,46927.483452469736,Positive,617
2030-11-27 08:30:00,46213.53470020385,Positive,617
2030-11-27 08:45:00,45552.04521050692,Positive,617
2030-11-27 09:00:00,44658.401843080144,Positive,617
2030-11-27 09:15:00,43966.99743808974,Positive,617
2030-11-27 09:30:00,43160.103969712705,Positive,617
2030-11-27 09:45:00,42253.96875430814,Positive,617
2030-11-27 10:00:00,40255.103027658224,Positive,617
2030-11-27 10:15:00,39247.82969108257,Positive,617
2030-11-27 10:30:00,37842.34716102063,Positive,617
2030-11-27 10:45:00,36393.28049536378,Positive,617
2030-11-27 11:00:00,14431.716597156083,Positive,617
2030-11-27 11:15:00,14193.962495413323,Positive,617
2030-11-27 11:30:00,13904.268827464139,Positive,617
2030-11-27 11:45:00,13536.171152023295,Positive,617
2030-11-27 12:00:00,13310.009266854706,Positive,617
2030-11-27 12:15:00,12640.219121769584,Positive,617
2030-11-27 12:30:00,12382.44489422921,Positive,617
2030-11-27 12:45:00,18088.006276090346,Positive,617
2030-11-27 13:00:00,41581.80971391255,Positive,617
2030-11-27 13:15:00,43046.75985620058,Positive,617
2030-11-27 13:30:00,43156.292506538084,Positive,617
2030-11-27 13:45:00,41180.4621724391,Positive,617
2030-11-27 14:00:00,39149.74258805688,Positive,617
2030-11-27 14:15:00,38089.24025231527,Positive,617
2030-11-27 14:30:00,37179.73886984977,Positive,617
2030-11-27 14:45:00,36975.838427865965,Positive,617
2030-11-27 15:00:00,38612.52687087628,Positive,617
2030-11-27 15:15:00,38859.81719957955,Positive,617
2030-11-27 15:30:00,39093.392554995546,Positive,617
2030-11-27 15:45:00,39268.49930461363,Positive,617
2030-11-27 16:00:00,39428.69960449128,Positive,617
2030-11-27 16:15:00,39722.47279840044,Positive,617
2030-11-27 16:30:00,39656.33177361141,Positive,617
2030-11-27 16:45:00,39642.317982990106,Positive,617
2030-11-27 17:00:00,39887.133138001234,Positive,617
2030-11-27 17:15:00,39960.018230584275,Positive,617
2030-11-27 17:30:00,39912.35869002882,Positive,617
2030-11-27 17:45:00,39787.01979479955,Positive,617
2030-11-27 18:00:00,41621.86933989297,Positive,617
2030-11-27 18:15:00,41654.503550259185,Positive,617
2030-11-27 18:30:00,41502.81092749532,Positive,617
2030-11-27 18:45:00,41495.39870770583,Positive,617
2030-11-27 19:00:00,42795.86457904492,Positive,617
2030-11-27 19:15:00,42732.10034099805,Positive,617
2030-11-27 19:30:00,42431.07104567519,Positive,617
2030-11-27 19:45:00,41792.33332466832,Positive,617
2030-11-27 20:00:00,40943.42102061457,Positive,617
2030-11-27 20:15:00,40321.99377776817,Positive,617
2030-11-27 20:30:00,39782.59640922217,Positive,617
2030-11-27 20:45:00,39237.34728807124,Positive,617
2030-11-27 21:00:00,36972.65478161162,Positive,617
2030-11-27 21:15:00,36352.142064805084,Positive,617
2030-11-27 21:30:00,35668.5722106577,Positive,617
2030-11-27 21:45:00,35202.12797791574,Positive,617
2030-11-27 22:00:00,33348.366170374735,Positive,617
2030-11-27 22:15:00,32870.55696528152,Positive,617
2030-11-27 22:30:00,32655.326928871116,Positive,617
2030-11-27 22:45:00,32174.486651229363,Positive,617
2030-11-27 23:00:00,31473.50053098947,Positive,617
2030-11-27 23:15:00,31168.583165604578,Positive,617
2030-11-27 23:30:00,30761.209409201132,Positive,617
2030-11-27 23:45:00,30399.509163937146,Positive,617
2030-11-28 00:00:00,29777.326103014282,Positive,617
2030-11-28 00:15:00,29496.10261090797,Positive,617
2030-11-28 00:30:00,29280.933577500386,Positive,617
2030-11-28 00:45:00,29193.946856096016,Positive,617
2030-11-28 01:00:00,30664.51551200392,Positive,617
2030-11-28 01:15:00,30703.696201145423,Positive,617
2030-11-28 01:30:00,30636.841896719558,Positive,617
2030-11-28 01:45:00,30895.994166278746,Positive,617
2030-11-28 02:00:00,31108.132901695037,Positive,617
2030-11-28 02:15:00,31407.505630380594,Positive,617
2030-11-28 02:30:00,31997.921079967404,Positive,617
2030-11-28 02:45:00,32580.913277089032,Positive,617
2030-11-28 03:00:00,34458.237888680866,Positive,617
2030-11-28 03:15:00,34713.445190870116,Positive,617
2030-11-28 03:30:00,35329.0550144471,Positive,617
2030-11-28 03:45:00,35995.41159881245,Positive,617
2030-11-28 04:00:00,36593.838685395356,Positive,617
2030-11-28 04:15:00,37054.6207597449,Positive,617
2030-11-28 04:30:00,37707.95241614457,Positive,617
2030-11-28 04:45:00,38280.694120627115,Positive,617
2030-11-28 05:00:00,39289.82425124546,Positive,617
2030-11-28 05:15:00,39811.740849488335,Positive,617
2030-11-28 05:30:00,40602.51406625026,Positive,617
2030-11-28 05:45:00,41736.843567429394,Positive,617
2030-11-28 06:00:00,44721.81072125701,Positive,617
2030-11-28 06:15:00,46110.814921817975,Positive,617
2030-11-28 06:30:00,46833.178826906376,Positive,617
2030-11-28 06:45:00,47534.227326932094,Positive,617
2030-11-28 07:00:00,48713.12228487699,Positive,617
2030-11-28 07:15:00,49290.431096853994,Positive,617
2030-11-28 07:30:00,49471.70647094815,Positive,617
2030-11-28 07:45:00,49804.768136255036,Positive,617
2030-11-28 08:00:00,49620.67073119225,Positive,617
2030-11-28 08:15:00,49390.07838441875,Positive,617
2030-11-28 08:30:00,48719.88318973597,Positive,617
2030-11-28 08:45:00,48049.95268985209,Positive,617
2030-11-28 09:00:00,44337.898646210386,Positive,617
2030-11-28 09:15:00,43500.686418706005,Positive,617
2030-11-28 09:30:00,42402.92063253613,Positive,617
2030-11-28 09:45:00,41254.43964955192,Positive,617
2030-11-28 10:00:00,37247.06673318319,Positive,617
2030-11-28 10:15:00,35627.0940664681,Positive,617
2030-11-28 10:30:00,33834.57073418524,Positive,617
2030-11-28 10:45:00,31878.206695896417,Positive,617
2030-11-28 11:00:00,9562.160622035037,Positive,617
2030-11-28 11:15:00,8930.254477438306,Positive,617
2030-11-28 11:30:00,8459.379189998474,Positive,617
2030-11-28 11:45:00,8012.0278266980495,Positive,617
2030-11-28 12:00:00,7625.820689487089,Positive,617
2030-11-28 12:15:00,7719.553104863695,Positive,617
2030-11-28 12:30:00,7724.1865740101985,Positive,617
2030-11-28 12:45:00,11398.485408966199,Positive,617
2030-11-28 13:00:00,39118.08125622011,Positive,617
2030-11-28 13:15:00,41403.51323609367,Positive,617
2030-11-28 13:30:00,42065.18113676485,Positive,617
2030-11-28 13:45:00,40959.63113910748,Positive,617
2030-11-28 14:00:00,40117.7160859256,Positive,617
2030-11-28 14:15:00,40134.35095008766,Positive,617
2030-11-28 14:30:00,39924.37389667822,Positive,617
2030-11-28 14:45:00,40593.9362226723,Positive,617
2030-11-28 15:00:00,41759.53126811386,Positive,617
2030-11-28 15:15:00,42948.885494719565,Positive,617
2030-11-28 15:30:00,43706.825576446456,Positive,617
2030-11-28 15:45:00,44674.322398535514,Positive,617
2030-11-28 16:00:00,45597.74489549107,Positive,617
2030-11-28 16:15:00,46324.99860888299,Positive,617
2030-11-28 16:30:00,46499.17097164942,Positive,617
2030-11-28 16:45:00,47255.08152545892,Positive,617
2030-11-28 17:00:00,47679.848883384795,Positive,617
2030-11-28 17:15:00,47833.563256263325,Positive,617
2030-11-28 17:30:00,48134.180995186405,Positive,617
2030-11-28 17:45:00,48328.88707177427,Positive,617
2030-11-28 18:00:00,48324.74875800798,Positive,617
2030-11-28 18:15:00,48518.73781658957,Positive,617
2030-11-28 18:30:00,48594.62926006092,Positive,617
2030-11-28 18:45:00,48746.22289157381,Positive,617
2030-11-28 19:00:00,48369.641204904365,Positive,617
2030-11-28 19:15:00,48375.06939507364,Positive,617
2030-11-28 19:30:00,48045.99294452515,Positive,617
2030-11-28 19:45:00,47662.629947144036,Positive,617
2030-11-28 20:00:00,46527.531321185066,Positive,617
2030-11-28 20:15:00,45637.877371021685,Positive,617
2030-11-28 20:30:00,44715.09802226592,Positive,617
2030-11-28 20:45:00,44042.30538737286,Positive,617
2030-11-28 21:00:00,43159.52723641948,Positive,617
2030-11-28 21:15:00,42498.12689380139,Positive,617
2030-11-28 21:30:00,41660.35199045584,Positive,617
2030-11-28 21:45:00,40897.9041244185,Positive,617
2030-11-28 22:00:00,40605.932787106074,Positive,617
2030-11-28 22:15:00,40275.37485370087,Positive,617
2030-11-28 22:30:00,39597.833852522424,Positive,617
2030-11-28 22:45:00,39156.4787054493,Positive,617
2030-11-28 23:00:00,38278.09768353724,Positive,617
2030-11-28 23:15:00,38123.27814228637,Positive,617
2030-11-28 23:30:00,37692.80590679881,Positive,617
2030-11-28 23:45:00,37132.09575839815,Positive,617
2030-11-29 00:00:00,36240.15065363565,Positive,617
2030-11-29 00:15:00,35572.24039570841,Positive,617
2030-11-29 00:30:00,35132.9588466276,Positive,617
2030-11-29 00:45:00,34784.39811779206,Positive,617
2030-11-29 01:00:00,34102.50836499698,Positive,617
2030-11-29 01:15:00,33864.68340990311,Positive,617
2030-11-29 01:30:00,33717.236060429655,Positive,617
2030-11-29 01:45:00,33510.434088730064,Positive,617
2030-11-29 02:00:00,33317.463107157964,Positive,617
2030-11-29 02:15:00,33536.24375887441,Positive,617
2030-11-29 02:30:00,33912.96445239316,Positive,617
2030-11-29 02:45:00,34257.45962867426,Positive,617
2030-11-29 03:00:00,34328.08711647208,Positive,617
2030-11-29 03:15:00,34510.39888470745,Positive,617
2030-11-29 03:30:00,34771.90117581818,Positive,617
2030-11-29 03:45:00,35310.38921502357,Positive,617
2030-11-29 04:00:00,36064.58888347114,Positive,617
2030-11-29 04:15:00,36305.66763039,Positive,617
2030-11-29 04:30:00,36868.1865260088,Positive,617
2030-11-29 04:45:00,37572.30911219216,Positive,617
2030-11-29 05:00:00,38103.55641200945,Positive,617
2030-11-29 05:15:00,38691.050500567566,Positive,617
2030-11-29 05:30:00,39570.61802147358,Positive,617
2030-11-29 05:45:00,40489.139566652215,Positive,617
2030-11-29 06:00:00,42086.02589818462,Positive,617
2030-11-29 06:15:00,43236.21502798595,Positive,617
2030-11-29 06:30:00,44019.47136697712,Positive,617
2030-11-29 06:45:00,44659.394602696135,Positive,617
2030-11-29 07:00:00,45469.41771789877,Positive,617
2030-11-29 07:15:00,45784.10597754468,Positive,617
2030-11-29 07:30:00,45743.24735777908,Positive,617
2030-11-29 07:45:00,45737.955773319816,Positive,617
2030-11-29 08:00:00,45579.08024673005,Positive,617
2030-11-29 08:15:00,45011.648060977735,Positive,617
2030-11-29 08:30:00,44289.084667680596,Positive,617
2030-11-29 08:45:00,43361.548949053424,Positive,617
2030-11-29 09:00:00,42157.14650929215,Positive,617
2030-11-29 09:15:00,41066.119848208175,Positive,617
2030-11-29 09:30:00,39558.35788436153,Positive,617
2030-11-29 09:45:00,38043.3560510601,Positive,617
2030-11-29 10:00:00,35362.61440493879,Positive,617
2030-11-29 10:15:00,33701.69761123687,Positive,617
2030-11-29 10:30:00,31429.995392804725,Positive,617
2030-11-29 10:45:00,29515.801512033766,Positive,617
2030-11-29 11:00:00,7387.410127346893,Positive,617
2030-11-29 11:15:00,6718.891304051454,Positive,617
2030-11-29 11:30:00,5998.756995015045,Positive,617
2030-11-29 11:45:00,5712.4770283342805,Positive,617
2030-11-29 12:00:00,5573.419377128856,Positive,617
2030-11-29 12:15:00,5527.277912471192,Positive,617
2030-11-29 12:30:00,5683.176996580982,Positive,617
2030-11-29 12:45:00,9172.3097067933,Positive,617
2030-11-29 13:00:00,34576.74254586669,Positive,617
2030-11-29 13:15:00,36185.515309136346,Positive,617
2030-11-29 13:30:00,36765.03442271804,Positive,617
2030-11-29 13:45:00,35617.362538035486,Positive,617
2030-11-29 14:00:00,37230.39721600301,Positive,617
2030-11-29 14:15:00,37124.03786381941,Positive,617
2030-11-29 14:30:00,37029.02500767756,Positive,617
2030-11-29 14:45:00,37475.5781493135,Positive,617
2030-11-29 15:00:00,38305.75343033802,Positive,617
2030-11-29 15:15:00,39267.49362931459,Positive,617
2030-11-29 15:30:00,40087.3326895761,Positive,617
2030-11-29 15:45:00,40566.736520052335,Positive,617
2030-11-29 16:00:00,41086.16281402661,Positive,617
2030-11-29 16:15:00,41629.37625576258,Positive,617
2030-11-29 16:30:00,41749.39845547399,Positive,617
2030-11-29 16:45:00,42322.454717190296,Positive,617
2030-11-29 17:00:00,42704.84951173687,Positive,617
2030-11-29 17:15:00,42863.351914949904,Positive,617
2030-11-29 17:30:00,43077.178860673856,Positive,617
2030-11-29 17:45:00,43168.815498627926,Positive,617
2030-11-29 18:00:00,45119.68588013125,Positive,617
2030-11-29 18:15:00,45390.15109561354,Positive,617
2030-11-29 18:30:00,45620.03301465262,Positive,617
2030-11-29 18:45:00,45758.09897646037,Positive,617
2030-11-29 19:00:00,45858.96514258575,Positive,617
2030-11-29 19:15:00,46058.40278237148,Positive,617
2030-11-29 19:30:00,45991.66456199199,Positive,617
2030-11-29 19:45:00,45751.23496867194,Positive,617
2030-11-29 20:00:00,46842.78384151074,Positive,617
2030-11-29 20:15:00,46250.09494102174,Positive,617
2030-11-29 20:30:00,45703.84960416927,Positive,617
2030-11-29 20:45:00,45240.135809854684,Positive,617
2030-11-29 21:00:00,45048.936137559525,Positive,617
2030-11-29 21:15:00,44613.18844774956,Positive,617
2030-11-29 21:30:00,44025.69757072958,Positive,617
2030-11-29 21:45:00,43730.56899314518,Positive,617
2030-11-29 22:00:00,43711.95212780178,Positive,617
2030-11-29 22:15:00,43614.214885657275,Positive,617
2030-11-29 22:30:00,43515.8934351861,Positive,617
2030-11-29 22:45:00,43411.881646198046,Positive,617
2030-11-29 23:00:00,41487.05437854167,Positive,617
2030-11-29 23:15:00,41396.43989741642,Positive,617
2030-11-29 23:30:00,41194.07710042304,Positive,617
2030-11-29 23:45:00,41050.2539203457,Positive,617
2030-11-30 00:00:00,40888.1081477774,Positive,617
2030-11-30 00:15:00,40647.154800126395,Positive,617
2030-11-30 00:30:00,40426.63199378556,Positive,617
2030-11-30 00:45:00,40364.349204772836,Positive,617
2030-11-30 01:00:00,40509.33013119522,Positive,617
2030-11-30 01:15:00,40293.65273744557,Positive,617
2030-11-30 01:30:00,40287.72430122093,Positive,617
2030-11-30 01:45:00,40362.185314267466,Positive,617
2030-11-30 02:00:00,40795.02885097595,Positive,617
2030-11-30 02:15:00,41346.7699373066,Positive,617
2030-11-30 02:30:00,41877.525848912235,Positive,617
2030-11-30 02:45:00,42263.102599495345,Positive,617
2030-11-30 03:00:00,42726.30730165682,Positive,617
2030-11-30 03:15:00,43137.525232115375,Positive,617
2030-11-30 03:30:00,43633.165905704045,Positive,617
2030-11-30 03:45:00,44220.146448464395,Positive,617
2030-11-30 04:00:00,45177.23381099645,Positive,617
2030-11-30 04:15:00,45775.12983105992,Positive,617
2030-11-30 04:30:00,46458.59737128276,Positive,617
2030-11-30 04:45:00,47102.10405909535,Positive,617
2030-11-30 05:00:00,48140.37265643453,Positive,617
2030-11-30 05:15:00,48718.00489177534,Positive,617
2030-11-30 05:30:00,49608.70954077759,Positive,617
2030-11-30 05:45:00,50658.501945416916,Positive,617
2030-11-30 06:00:00,52291.43713896592,Positive,617
2030-11-30 06:15:00,53240.10685887799,Positive,617
2030-11-30 06:30:00,54055.84740025339,Positive,617
2030-11-30 06:45:00,54809.944848487845,Positive,617
2030-11-30 07:00:00,56787.548043031755,Positive,617
2030-11-30 07:15:00,57198.930478718736,Positive,617
2030-11-30 07:30:00,57206.61190656185,Positive,617
2030-11-30 07:45:00,57102.14758410298,Positive,617
2030-11-30 08:00:00,55809.56352025355,Positive,617
2030-11-30 08:15:00,55488.77820963503,Positive,617
2030-11-30 08:30:00,55056.42319465685,Positive,617
2030-11-30 08:45:00,54452.29626879072,Positive,617
2030-11-30 09:00:00,52159.81623311996,Positive,617
2030-11-30 09:15:00,51650.61057470793,Positive,617
2030-11-30 09:30:00,50955.53363151876,Positive,617
2030-11-30 09:45:00,49925.83421092731,Positive,617
2030-11-30 10:00:00,46610.33395485847,Positive,617
2030-11-30 10:15:00,45536.23620283241,Positive,617
2030-11-30 10:30:00,43943.81789056396,Positive,617
2030-11-30 10:45:00,42282.56610548831,Positive,617
2030-11-30 11:00:00,23572.18133432958,Positive,617
2030-11-30 11:15:00,23400.319988301286,Positive,617
2030-11-30 11:30:00,23151.668380240262,Positive,617
2030-11-30 11:45:00,23046.53217140968,Positive,617
2030-11-30 12:00:00,22882.335631709724,Positive,617
2030-11-30 12:15:00,23000.617704625634,Positive,617
2030-11-30 12:30:00,23146.209812310524,Positive,617
2030-11-30 12:45:00,26958.438079267857,Positive,617
2030-11-30 13:00:00,48560.907411896966,Positive,617
2030-11-30 13:15:00,48159.12168514762,Positive,617
2030-11-30 13:30:00,47452.34969296401,Positive,617
2030-11-30 13:45:00,45939.24392835654,Positive,617
2030-11-30 14:00:00,44657.447412267284,Positive,617
2030-11-30 14:15:00,44065.26076442106,Positive,617
2030-11-30 14:30:00,43489.39466354786,Positive,617
2030-11-30 14:45:00,43258.92024409205,Positive,617
2030-11-30 15:00:00,43264.49060062356,Positive,617
2030-11-30 15:15:00,43486.76980309987,Positive,617
2030-11-30 15:30:00,43381.27058078505,Positive,617
2030-11-30 15:45:00,43199.443241604924,Positive,617
2030-11-30 16:00:00,43382.270121046204,Positive,617
2030-11-30 16:15:00,43459.79016524757,Positive,617
2030-11-30 16:30:00,43680.36231748013,Positive,617
2030-11-30 16:45:00,43935.293524807785,Positive,617
2030-11-30 17:00:00,45820.68925104472,Positive,617
2030-11-30 17:15:00,45941.48680682402,Positive,617
2030-11-30 17:30:00,46131.89031859039,Positive,617
2030-11-30 17:45:00,46014.91802154208,Positive,617
2030-11-30 18:00:00,47705.455173246046,Positive,617
2030-11-30 18:15:00,47716.17062104892,Positive,617
2030-11-30 18:30:00,47756.68543547015,Positive,617
2030-11-30 18:45:00,47895.44323788099,Positive,617
2030-11-30 19:00:00,49248.94484957715,Positive,617
2030-11-30 19:15:00,49198.168324774684,Positive,617
2030-11-30 19:30:00,48990.370688691466,Positive,617
2030-11-30 19:45:00,48496.85075995193,Positive,617
2030-11-30 20:00:00,47742.150506979655,Positive,617
2030-11-30 20:15:00,46781.327293681534,Positive,617
2030-11-30 20:30:00,46260.17503597929,Positive,617
2030-11-30 20:45:00,45794.06029954771,Positive,617
2030-11-30 21:00:00,45071.39935278323,Positive,617
2030-11-30 21:15:00,44595.01127290583,Positive,617
2030-11-30 21:30:00,44009.9806962174,Positive,617
2030-11-30 21:45:00,43438.58292242278,Positive,617
2030-11-30 22:00:00,44966.64256236127,Positive,617
2030-11-30 22:15:00,44638.9179119909,Positive,617
2030-11-30 22:30:00,44423.57345051409,Positive,617
2030-11-30 22:45:00,44168.15124123329,Positive,617
2030-11-30 23:00:00,43518.8216431617,Positive,617
2030-11-30 23:15:00,43237.29805455391,Positive,617
2030-11-30 23:30:00,42968.37618985083,Positive,617
2030-11-30 23:45:00,42564.73759140187,Positive,617
2030-12-01 00:00:00,41857.947466183985,Positive,617
2030-12-01 00:15:00,41502.611504329536,Positive,617
2030-12-01 00:30:00,41336.95128121524,Positive,617
2030-12-01 00:45:00,41101.80366185193,Positive,617
2030-12-01 01:00:00,42491.41012939342,Positive,617
2030-12-01 01:15:00,42194.24009828029,Positive,617
2030-12-01 01:30:00,42057.127118157325,Positive,617
2030-12-01 01:45:00,42039.8079805099,Positive,617
2030-12-01 02:00:00,42286.04200633941,Positive,617
2030-12-01 02:15:00,42687.61692587644,Positive,617
2030-12-01 02:30:00,43188.49900645576,Positive,617
2030-12-01 02:45:00,43650.725858257414,Positive,617
2030-12-01 03:00:00,44015.40658095417,Positive,617
2030-12-01 03:15:00,44322.37412935127,Positive,617
2030-12-01 03:30:00,44798.45243238906,Positive,617
2030-12-01 03:45:00,45438.36633118538,Positive,617
2030-12-01 04:00:00,44818.989683514636,Positive,617
2030-12-01 04:15:00,45307.08735878223,Positive,617
2030-12-01 04:30:00,45834.10813968028,Positive,617
2030-12-01 04:45:00,46553.84789231054,Positive,617
2030-12-01 05:00:00,47415.46913686683,Positive,617
2030-12-01 05:15:00,48150.060639072086,Positive,617
2030-12-01 05:30:00,48752.677574363544,Positive,617
2030-12-01 05:45:00,49834.54384948878,Positive,617
2030-12-01 06:00:00,50165.83098140998,Positive,617
2030-12-01 06:15:00,51215.42842419786,Positive,617
2030-12-01 06:30:00,52198.74977054979,Positive,617
2030-12-01 06:45:00,52938.94603430302,Positive,617
2030-12-01 07:00:00,53561.59233458847,Positive,617
2030-12-01 07:15:00,53866.51543511777,Positive,617
2030-12-01 07:30:00,53944.91406318844,Positive,617
2030-12-01 07:45:00,53827.753521835366,Positive,617
2030-12-01 08:00:00,50889.4602729222,Positive,617
2030-12-01 08:15:00,50594.108552601465,Positive,617
2030-12-01 08:30:00,49967.7017947913,Positive,617
2030-12-01 08:45:00,49179.139526944455,Positive,617
2030-12-01 09:00:00,46982.54484131136,Positive,617
2030-12-01 09:15:00,46298.33989532155,Positive,617
2030-12-01 09:30:00,44966.94829328936,Positive,617
2030-12-01 09:45:00,43666.027404342545,Positive,617
2030-12-01 10:00:00,41441.6824387046,Positive,617
2030-12-01 10:15:00,40047.237709519504,Positive,617
2030-12-01 10:30:00,38073.48521763011,Positive,617
2030-12-01 10:45:00,35895.592442705645,Positive,617
2030-12-01 11:00:00,18973.741432915813,Positive,617
2030-12-01 11:15:00,18214.42240817489,Positive,617
2030-12-01 11:30:00,17435.01323455275,Positive,617
2030-12-01 11:45:00,16463.829421028477,Positive,617
2030-12-01 12:00:00,15934.164222442232,Positive,617
2030-12-01 12:15:00,15760.283695487684,Positive,617
2030-12-01 12:30:00,15529.192558165798,Positive,617
2030-12-01 12:45:00,18846.392748038004,Positive,617
2030-12-01 13:00:00,38785.58417877348,Positive,617
2030-12-01 13:15:00,38033.58957161977,Positive,617
2030-12-01 13:30:00,36741.12379647154,Positive,617
2030-12-01 13:45:00,35461.45760594528,Positive,617
2030-12-01 14:00:00,34845.795920481905,Positive,617
2030-12-01 14:15:00,34773.34596117268,Positive,617
2030-12-01 14:30:00,34875.04790519236,Positive,617
2030-12-01 14:45:00,35122.01537686354,Positive,617
2030-12-01 15:00:00,35745.99252377017,Positive,617
2030-12-01 15:15:00,36605.11307532681,Positive,617
2030-12-01 15:30:00,37186.48694180278,Positive,617
2030-12-01 15:45:00,37735.48517066045,Positive,617
2030-12-01 16:00:00,38384.88253403526,Positive,617
2030-12-01 16:15:00,38962.54134098731,Positive,617
2030-12-01 16:30:00,39444.00815266097,Positive,617
2030-12-01 16:45:00,39936.856148060164,Positive,617
2030-12-01 17:00:00,40523.89723974748,Positive,617
2030-12-01 17:15:00,40617.794742432176,Positive,617
2030-12-01 17:30:00,40682.48688557701,Positive,617
2030-12-01 17:45:00,40663.168036760275,Positive,617
2030-12-01 18:00:00,38949.45549382145,Positive,617
2030-12-01 18:15:00,39083.25629284872,Positive,617
2030-12-01 18:30:00,39347.87537638968,Positive,617
2030-12-01 18:45:00,39399.58418232363,Positive,617
2030-12-01 19:00:00,39409.96691354878,Positive,617
2030-12-01 19:15:00,39301.201892408644,Positive,617
2030-12-01 19:30:00,39336.9665894411,Positive,617
2030-12-01 19:45:00,39166.66074834958,Positive,617
2030-12-01 20:00:00,38761.91546016032,Positive,617
2030-12-01 20:15:00,38325.48173254252,Positive,617
2030-12-01 20:30:00,38138.53887098416,Positive,617
2030-12-01 20:45:00,37942.83945383851,Positive,617
2030-12-01 21:00:00,40251.1138285787,Positive,617
2030-12-01 21:15:00,39867.466094089636,Positive,617
2030-12-01 21:30:00,39413.3416429866,Positive,617
2030-12-01 21:45:00,38991.63462384049,Positive,617
2030-12-01 22:00:00,39047.38115664185,Positive,617
2030-12-01 22:15:00,38756.66116069125,Positive,617
2030-12-01 22:30:00,38572.11544839239,Positive,617
2030-12-01 22:45:00,38245.585267890834,Positive,617
2030-12-01 23:00:00,39003.55094935051,Positive,617
2030-12-01 23:15:00,38734.38356149569,Positive,617
2030-12-01 23:30:00,38347.60641591058,Positive,617
2030-12-01 23:45:00,38026.255212169264,Positive,617
2030-12-02 00:00:00,37452.45844128089,Positive,617
2030-12-02 00:15:00,36995.75685373896,Positive,617
2030-12-02 00:30:00,36941.621851185,Positive,617
2030-12-02 00:45:00,36811.477680470365,Positive,617
2030-12-02 01:00:00,37944.95635751692,Positive,617
2030-12-02 01:15:00,37705.83822848401,Positive,617
2030-12-02 01:30:00,37559.259937264156,Positive,617
2030-12-02 01:45:00,37549.950466595394,Positive,617
2030-12-02 02:00:00,37729.81034759489,Positive,617
2030-12-02 02:15:00,38032.61740290274,Positive,617
2030-12-02 02:30:00,38398.26741910163,Positive,617
2030-12-02 02:45:00,38766.718616271566,Positive,617
2030-12-02 03:00:00,39142.47441967711,Positive,617
2030-12-02 03:15:00,39462.391288147744,Positive,617
2030-12-02 03:30:00,39764.248107406966,Positive,617
2030-12-02 03:45:00,40338.26769594833,Positive,617
2030-12-02 04:00:00,42239.869672491244,Positive,617
2030-12-02 04:15:00,42616.55825830675,Positive,617
2030-12-02 04:30:00,43076.78370599881,Positive,617
2030-12-02 04:45:00,43631.76967711636,Positive,617
2030-12-02 05:00:00,44092.99122955994,Positive,617
2030-12-02 05:15:00,44451.07403211993,Positive,617
2030-12-02 05:30:00,44909.78686249065,Positive,617
2030-12-02 05:45:00,45432.40608326987,Positive,617
2030-12-02 06:00:00,47231.25076694711,Positive,617
2030-12-02 06:15:00,47540.075391269434,Positive,617
2030-12-02 06:30:00,47879.42634967031,Positive,617
2030-12-02 06:45:00,48154.26972342239,Positive,617
2030-12-02 07:00:00,48537.043141975664,Positive,617
2030-12-02 07:15:00,48581.1680963316,Positive,617
2030-12-02 07:30:00,48626.283708869334,Positive,617
2030-12-02 07:45:00,48448.09961677315,Positive,617
2030-12-02 08:00:00,48476.78832515658,Positive,617
2030-12-02 08:15:00,48278.01009345139,Positive,617
2030-12-02 08:30:00,47806.936757877746,Positive,617
2030-12-02 08:45:00,47519.46987257902,Positive,617
2030-12-02 09:00:00,47400.67953492325,Positive,617
2030-12-02 09:15:00,47173.460893350166,Positive,617
2030-12-02 09:30:00,46577.558798557344,Positive,617
2030-12-02 09:45:00,46002.31695301275,Positive,617
2030-12-02 10:00:00,44283.394035138605,Positive,617
2030-12-02 10:15:00,43483.978397248706,Positive,617
2030-12-02 10:30:00,42023.59483720038,Positive,617
2030-12-02 10:45:00,40675.96429433054,Positive,617
2030-12-02 11:00:00,19049.62814693803,Positive,617
2030-12-02 11:15:00,18937.46158811669,Positive,617
2030-12-02 11:30:00,18656.99090808283,Positive,617
2030-12-02 11:45:00,18454.41126652408,Positive,617
2030-12-02 12:00:00,18269.735758640636,Positive,617
2030-12-02 12:15:00,18315.997870570038,Positive,617
2030-12-02 12:30:00,18129.66045313493,Positive,617
2030-12-02 12:45:00,21090.37031132802,Positive,617
2030-12-02 13:00:00,47184.580519748575,Positive,617
2030-12-02 13:15:00,48498.326713706294,Positive,617
2030-12-02 13:30:00,48476.05415969624,Positive,617
2030-12-02 13:45:00,46373.910164643894,Positive,617
2030-12-02 14:00:00,44430.98832406885,Positive,617
2030-12-02 14:15:00,43006.869059757744,Positive,617
2030-12-02 14:30:00,41806.09661896295,Positive,617
2030-12-02 14:45:00,41150.843857391694,Positive,617
2030-12-02 15:00:00,42729.19092328775,Positive,617
2030-12-02 15:15:00,42684.72465136963,Positive,617
2030-12-02 15:30:00,42972.71492863219,Positive,617
2030-12-02 15:45:00,42843.35327068645,Positive,617
2030-12-02 16:00:00,44607.487487640574,Positive,617
2030-12-02 16:15:00,44525.35296963353,Positive,617
2030-12-02 16:30:00,44511.496985353195,Positive,617
2030-12-02 16:45:00,45008.13241020723,Positive,617
2030-12-02 17:00:00,45336.20174310135,Positive,617
2030-12-02 17:15:00,45239.22510672003,Positive,617
2030-12-02 17:30:00,45108.59132999956,Positive,617
2030-12-02 17:45:00,44970.202584364524,Positive,617
2030-12-02 18:00:00,46698.38735323657,Positive,617
2030-12-02 18:15:00,46638.131519188915,Positive,617
2030-12-02 18:30:00,46606.29227295106,Positive,617
2030-12-02 18:45:00,46389.328495717404,Positive,617
2030-12-02 19:00:00,46073.18531200902,Positive,617
2030-12-02 19:15:00,45931.1160034182,Positive,617
2030-12-02 19:30:00,45646.03763722852,Positive,617
2030-12-02 19:45:00,45294.52394050802,Positive,617
2030-12-02 20:00:00,46237.36757704929,Positive,617
2030-12-02 20:15:00,45564.73699378779,Positive,617
2030-12-02 20:30:00,44911.748645231186,Positive,617
2030-12-02 20:45:00,44424.72996186817,Positive,617
2030-12-02 21:00:00,45625.01516729264,Positive,617
2030-12-02 21:15:00,45304.67331233846,Positive,617
2030-12-02 21:30:00,44822.763872555806,Positive,617
2030-12-02 21:45:00,44475.74815031934,Positive,617
2030-12-02 22:00:00,44771.78006843118,Positive,617
2030-12-02 22:15:00,44677.44189130506,Positive,617
2030-12-02 22:30:00,44576.60772243151,Positive,617
2030-12-02 22:45:00,44295.24918334025,Positive,617
2030-12-02 23:00:00,44054.0576272955,Positive,617
2030-12-02 23:15:00,44038.173814851674,Positive,617
2030-12-02 23:30:00,43839.71254316877,Positive,617
2030-12-02 23:45:00,43518.054864902915,Positive,617
2030-12-03 00:00:00,42908.064870649854,Positive,617
2030-12-03 00:15:00,42561.656933994665,Positive,617
2030-12-03 00:30:00,42180.99736272066,Positive,617
2030-12-03 00:45:00,42096.22242380471,Positive,617
2030-12-03 01:00:00,42008.77965197419,Positive,617
2030-12-03 01:15:00,41577.96711853776,Positive,617
2030-12-03 01:30:00,41288.91904010473,Positive,617
2030-12-03 01:45:00,41124.357657347995,Positive,617
2030-12-03 02:00:00,41071.0171199343,Positive,617
2030-12-03 02:15:00,41299.84797442547,Positive,617
2030-12-03 02:30:00,41493.79330463403,Positive,617
2030-12-03 02:45:00,41788.85187449491,Positive,617
2030-12-03 03:00:00,40505.60873726129,Positive,617
2030-12-03 03:15:00,40741.34581221269,Positive,617
2030-12-03 03:30:00,41107.17448986491,Positive,617
2030-12-03 03:45:00,41803.14673101341,Positive,617
2030-12-03 04:00:00,42044.11090330219,Positive,617
2030-12-03 04:15:00,42388.362891395154,Positive,617
2030-12-03 04:30:00,42655.60038188778,Positive,617
2030-12-03 04:45:00,43206.8879868971,Positive,617
2030-12-03 05:00:00,43351.0428923243,Positive,617
2030-12-03 05:15:00,43717.046100892105,Positive,617
2030-12-03 05:30:00,43843.376125629096,Positive,617
2030-12-03 05:45:00,44100.50627332452,Positive,617
2030-12-03 06:00:00,44445.44162686746,Positive,617
2030-12-03 06:15:00,44860.104818426626,Positive,617
2030-12-03 06:30:00,44918.497448281894,Positive,617
2030-12-03 06:45:00,45192.11149229109,Positive,617
2030-12-03 07:00:00,45572.537265512234,Positive,617
2030-12-03 07:15:00,45825.82292855063,Positive,617
2030-12-03 07:30:00,45851.38209683297,Positive,617
2030-12-03 07:45:00,45906.70400358466,Positive,617
2030-12-03 08:00:00,45000.49677564634,Positive,617
2030-12-03 08:15:00,45041.80614140807,Positive,617
2030-12-03 08:30:00,44732.18429802556,Positive,617
2030-12-03 08:45:00,44667.15011225354,Positive,617
2030-12-03 09:00:00,44527.610539108515,Positive,617
2030-12-03 09:15:00,44173.10559073068,Positive,617
2030-12-03 09:30:00,43321.761565887966,Positive,617
2030-12-03 09:45:00,42753.172305149914,Positive,617
2030-12-03 10:00:00,39603.79685528529,Positive,617
2030-12-03 10:15:00,38329.02648902593,Positive,617
2030-12-03 10:30:00,36549.37649907975,Positive,617
2030-12-03 10:45:00,35130.91674290974,Positive,617
2030-12-03 11:00:00,11734.32598377432,Positive,617
2030-12-03 11:15:00,11324.757394766726,Positive,617
2030-12-03 11:30:00,11214.775174183727,Positive,617
2030-12-03 11:45:00,10750.834704925555,Positive,617
2030-12-03 12:00:00,10173.200805255392,Positive,617
2030-12-03 12:15:00,9960.862426709187,Positive,617
2030-12-03 12:30:00,9869.254699421333,Positive,617
2030-12-03 12:45:00,15530.49728318545,Positive,617
2030-12-03 13:00:00,40163.655691015214,Positive,617
2030-12-03 13:15:00,41809.25897639693,Positive,617
2030-12-03 13:30:00,42221.242836847974,Positive,617
2030-12-03 13:45:00,40823.96155750621,Positive,617
2030-12-03 14:00:00,39250.90667225311,Positive,617
2030-12-03 14:15:00,38638.28626290507,Positive,617
2030-12-03 14:30:00,37946.988319176366,Positive,617
2030-12-03 14:45:00,38023.73719703662,Positive,617
2030-12-03 15:00:00,38339.5976450015,Positive,617
2030-12-03 15:15:00,38939.78035656515,Positive,617
2030-12-03 15:30:00,39105.77118314201,Positive,617
2030-12-03 15:45:00,39324.58864680243,Positive,617
2030-12-03 16:00:00,41223.35977538525,Positive,617
2030-12-03 16:15:00,41276.5163959341,Positive,617
2030-12-03 16:30:00,41264.20350930695,Positive,617
2030-12-03 16:45:00,41742.01506598314,Positive,617
2030-12-03 17:00:00,41999.01866890682,Positive,617
2030-12-03 17:15:00,41889.07545256847,Positive,617
2030-12-03 17:30:00,41953.166386022196,Positive,617
2030-12-03 17:45:00,41720.357675519146,Positive,617
2030-12-03 18:00:00,40308.64791657444,Positive,617
2030-12-03 18:15:00,40251.54299120675,Positive,617
2030-12-03 18:30:00,40146.89278067261,Positive,617
2030-12-03 18:45:00,40073.804746169226,Positive,617
2030-12-03 19:00:00,39752.778095961876,Positive,617
2030-12-03 19:15:00,39565.7596081331,Positive,617
2030-12-03 19:30:00,39307.50146005524,Positive,617
2030-12-03 19:45:00,38938.45510835916,Positive,617
2030-12-03 20:00:00,41395.44388982582,Positive,617
2030-12-03 20:15:00,40627.626409333345,Positive,617
2030-12-03 20:30:00,40037.93586956635,Positive,617
2030-12-03 20:45:00,39530.7190147574,Positive,617
2030-12-03 21:00:00,38886.72444878866,Positive,617
2030-12-03 21:15:00,38493.1337101834,Positive,617
2030-12-03 21:30:00,38060.419606567695,Positive,617
2030-12-03 21:45:00,37806.858003049296,Positive,617
2030-12-03 22:00:00,38094.25826921142,Positive,617
2030-12-03 22:15:00,38006.17710429119,Positive,617
2030-12-03 22:30:00,37939.23795390984,Positive,617
2030-12-03 22:45:00,37596.55658805004,Positive,617
2030-12-03 23:00:00,37252.48424800821,Positive,617
2030-12-03 23:15:00,37169.699852021484,Positive,617
2030-12-03 23:30:00,37194.167912342324,Positive,617
2030-12-03 23:45:00,36901.775966716275,Positive,617
2030-12-04 00:00:00,34645.49590389087,Positive,617
2030-12-04 00:15:00,34356.23306615905,Positive,617
2030-12-04 00:30:00,34069.26565488102,Positive,617
2030-12-04 00:45:00,33946.4583849797,Positive,617
2030-12-04 01:00:00,33832.22850835501,Positive,617
2030-12-04 01:15:00,33568.96797153238,Positive,617
2030-12-04 01:30:00,33378.22068288605,Positive,617
2030-12-04 01:45:00,33528.87220088218,Positive,617
2030-12-04 02:00:00,33755.394266279814,Positive,617
2030-12-04 02:15:00,33934.68585563868,Positive,617
2030-12-04 02:30:00,34247.76498434012,Positive,617
2030-12-04 02:45:00,34785.477191199745,Positive,617
2030-12-04 03:00:00,35196.280966625054,Positive,617
2030-12-04 03:15:00,35565.40940180673,Positive,617
2030-12-04 03:30:00,35864.57160669767,Positive,617
2030-12-04 03:45:00,36606.54349782884,Positive,617
2030-12-04 04:00:00,37239.83921043841,Positive,617
2030-12-04 04:15:00,37551.30325172952,Positive,617
2030-12-04 04:30:00,38130.555835134306,Positive,617
2030-12-04 04:45:00,39086.36477936702,Positive,617
2030-12-04 05:00:00,39813.68695585118,Positive,617
2030-12-04 05:15:00,40216.100199258486,Positive,617
2030-12-04 05:30:00,40771.89310687329,Positive,617
2030-12-04 05:45:00,41821.94883209322,Positive,617
2030-12-04 06:00:00,43512.707509009386,Positive,617
2030-12-04 06:15:00,44806.88767532181,Positive,617
2030-12-04 06:30:00,45667.40788364172,Positive,617
2030-12-04 06:45:00,46480.13444592474,Positive,617
2030-12-04 07:00:00,47193.151248744834,Positive,617
2030-12-04 07:15:00,47811.75141844578,Positive,617
2030-12-04 07:30:00,47681.6542264719,Positive,617
2030-12-04 07:45:00,47620.14427300009,Positive,617
2030-12-04 08:00:00,46281.96148255362,Positive,617
2030-12-04 08:15:00,46017.58443902161,Positive,617
2030-12-04 08:30:00,45143.13821944494,Positive,617
2030-12-04 08:45:00,44444.89238155291,Positive,617
2030-12-04 09:00:00,43589.75461155217,Positive,617
2030-12-04 09:15:00,42911.67810427091,Positive,617
2030-12-04 09:30:00,41864.49110761938,Positive,617
2030-12-04 09:45:00,40265.83085610157,Positive,617
2030-12-04 10:00:00,37752.09815300368,Positive,617
2030-12-04 10:15:00,36167.714314113146,Positive,617
2030-12-04 10:30:00,34087.44222224956,Positive,617
2030-12-04 10:45:00,32107.796302482177,Positive,617
2030-12-04 11:00:00,9736.331916409019,Positive,617
2030-12-04 11:15:00,8794.134680224948,Positive,617
2030-12-04 11:30:00,8007.804357905183,Positive,617
2030-12-04 11:45:00,7627.043466328256,Positive,617
2030-12-04 12:00:00,7229.265131873606,Positive,617
2030-12-04 12:15:00,6965.27807856039,Positive,617
2030-12-04 12:30:00,6967.898333616662,Positive,617
2030-12-04 12:45:00,12886.31164887063,Positive,617
2030-12-04 13:00:00,38081.01835083451,Positive,617
2030-12-04 13:15:00,39949.60577382137,Positive,617
2030-12-04 13:30:00,40435.70539821646,Positive,617
2030-12-04 13:45:00,38714.640575788166,Positive,617
2030-12-04 14:00:00,37676.103448268004,Positive,617
2030-12-04 14:15:00,37199.768422842615,Positive,617
2030-12-04 14:30:00,36775.59774285959,Positive,617
2030-12-04 14:45:00,36991.279574166794,Positive,617
2030-12-04 15:00:00,37926.8518238491,Positive,617
2030-12-04 15:15:00,38681.727236900464,Positive,617
2030-12-04 15:30:00,39442.21614712944,Positive,617
2030-12-04 15:45:00,39862.17834996703,Positive,617
2030-12-04 16:00:00,40282.85917942134,Positive,617
2030-12-04 16:15:00,40604.89461893424,Positive,617
2030-12-04 16:30:00,40770.01996399124,Positive,617
2030-12-04 16:45:00,41290.963927958364,Positive,617
2030-12-04 17:00:00,41611.20505006972,Positive,617
2030-12-04 17:15:00,41637.039345574754,Positive,617
2030-12-04 17:30:00,41671.01824212564,Positive,617
2030-12-04 17:45:00,41687.11196181174,Positive,617
2030-12-04 18:00:00,41669.86926689,Positive,617
2030-12-04 18:15:00,41791.69396737843,Positive,617
2030-12-04 18:30:00,41972.5975007839,Positive,617
2030-12-04 18:45:00,42019.05786473121,Positive,617
2030-12-04 19:00:00,43416.87749911524,Positive,617
2030-12-04 19:15:00,43175.775587631906,Positive,617
2030-12-04 19:30:00,42908.937071663415,Positive,617
2030-12-04 19:45:00,42325.25601454173,Positive,617
2030-12-04 20:00:00,41344.97407663316,Positive,617
2030-12-04 20:15:00,40512.816766918324,Positive,617
2030-12-04 20:30:00,39662.98425975989,Positive,617
2030-12-04 20:45:00,39051.67686174314,Positive,617
2030-12-04 21:00:00,38242.389075175204,Positive,617
2030-12-04 21:15:00,37490.558745360504,Positive,617
2030-12-04 21:30:00,36715.845215819805,Positive,617
2030-12-04 21:45:00,36131.190296486224,Positive,617
2030-12-04 22:00:00,34282.80685307166,Positive,617
2030-12-04 22:15:00,33971.10426407144,Positive,617
2030-12-04 22:30:00,33937.84568234524,Positive,617
2030-12-04 22:45:00,33463.82739366123,Positive,617
2030-12-04 23:00:00,34581.95872584714,Positive,617
2030-12-04 23:15:00,34378.2086612796,Positive,617
2030-12-04 23:30:00,34054.514096478706,Positive,617
2030-12-04 23:45:00,33784.56069003172,Positive,617
2030-12-05 00:00:00,34883.0234751721,Positive,617
2030-12-05 00:15:00,34441.98924949014,Positive,617
2030-12-05 00:30:00,34085.40296367486,Positive,617
2030-12-05 00:45:00,33956.943532714926,Positive,617
2030-12-05 01:00:00,33632.717708395234,Positive,617
2030-12-05 01:15:00,33271.764062528695,Positive,617
2030-12-05 01:30:00,33265.17257420256,Positive,617
2030-12-05 01:45:00,33409.67258397851,Positive,617
2030-12-05 02:00:00,33537.714419811084,Positive,617
2030-12-05 02:15:00,33965.98625793128,Positive,617
2030-12-05 02:30:00,34321.805756315836,Positive,617
2030-12-05 02:45:00,34829.24146909849,Positive,617
2030-12-05 03:00:00,35163.792284007905,Positive,617
2030-12-05 03:15:00,35369.13783531276,Positive,617
2030-12-05 03:30:00,35872.792040186585,Positive,617
2030-12-05 03:45:00,36426.85747746948,Positive,617
2030-12-05 04:00:00,37095.48767394292,Positive,617
2030-12-05 04:15:00,37641.44123260451,Positive,617
2030-12-05 04:30:00,38176.2610850959,Positive,617
2030-12-05 04:45:00,38759.69325916387,Positive,617
2030-12-05 05:00:00,39861.345644258545,Positive,617
2030-12-05 05:15:00,40521.289236147095,Positive,617
2030-12-05 05:30:00,41137.94225692046,Positive,617
2030-12-05 05:45:00,42266.83669183891,Positive,617
2030-12-05 06:00:00,43913.387647414216,Positive,617
2030-12-05 06:15:00,44852.10094581508,Positive,617
2030-12-05 06:30:00,45924.36921821715,Positive,617
2030-12-05 06:45:00,46591.92763451614,Positive,617
2030-12-05 07:00:00,47297.17989481298,Positive,617
2030-12-05 07:15:00,47716.96789229126,Positive,617
2030-12-05 07:30:00,47711.0098198502,Positive,617
2030-12-05 07:45:00,47732.9738346535,Positive,617
2030-12-05 08:00:00,47565.20550827046,Positive,617
2030-12-05 08:15:00,47125.512780171506,Positive,617
2030-12-05 08:30:00,46323.246339313,Positive,617
2030-12-05 08:45:00,45471.91062371243,Positive,617
2030-12-05 09:00:00,44295.49161496947,Positive,617
2030-12-05 09:15:00,43312.45771831568,Positive,617
2030-12-05 09:30:00,41971.29910815489,Positive,617
2030-12-05 09:45:00,40218.51547595491,Positive,617
2030-12-05 10:00:00,37704.65252282363,Positive,617
2030-12-05 10:15:00,36202.46962435603,Positive,617
2030-12-05 10:30:00,34047.93595903327,Positive,617
2030-12-05 10:45:00,32042.522395733587,Positive,617
2030-12-05 11:00:00,6298.158195414573,Positive,617
2030-12-05 11:15:00,5513.848464131299,Positive,617
2030-12-05 11:30:00,4858.0696488529975,Positive,617
2030-12-05 11:45:00,4655.280124295083,Positive,617
2030-12-05 12:00:00,4360.321687690908,Positive,617
2030-12-05 12:15:00,4301.6991974952525,Positive,617
2030-12-05 12:30:00,4344.318134370467,Positive,617
2030-12-05 12:45:00,13054.635239215382,Positive,617
2030-12-05 13:00:00,37146.81897076608,Positive,617
2030-12-05 13:15:00,39388.949953451876,Positive,617
2030-12-05 13:30:00,39975.65527592132,Positive,617
2030-12-05 13:45:00,38837.350594695294,Positive,617
2030-12-05 14:00:00,37899.35568713937,Positive,617
2030-12-05 14:15:00,37920.48958529642,Positive,617
2030-12-05 14:30:00,37699.48196429727,Positive,617
2030-12-05 14:45:00,38153.11915188568,Positive,617
2030-12-05 15:00:00,40494.481832751924,Positive,617
2030-12-05 15:15:00,41499.315949353135,Positive,617
2030-12-05 15:30:00,42440.357532235575,Positive,617
2030-12-05 15:45:00,42931.59940303264,Positive,617
2030-12-05 16:00:00,43388.19558088372,Positive,617
2030-12-05 16:15:00,43766.729392279034,Positive,617
2030-12-05 16:30:00,44293.66229510188,Positive,617
2030-12-05 16:45:00,44799.135358318,Positive,617
2030-12-05 17:00:00,45090.21905690607,Positive,617
2030-12-05 17:15:00,45194.43782901953,Positive,617
2030-12-05 17:30:00,45494.81303438825,Positive,617
2030-12-05 17:45:00,45518.80883347549,Positive,617
2030-12-05 18:00:00,45710.71431291618,Positive,617
2030-12-05 18:15:00,45970.05202951583,Positive,617
2030-12-05 18:30:00,46211.254430934954,Positive,617
2030-12-05 18:45:00,46480.04118033962,Positive,617
2030-12-05 19:00:00,46507.790168989086,Positive,617
2030-12-05 19:15:00,46491.480750147,Positive,617
2030-12-05 19:30:00,46347.271297244115,Positive,617
2030-12-05 19:45:00,46105.22861030358,Positive,617
2030-12-05 20:00:00,45593.79488790199,Positive,617
2030-12-05 20:15:00,44896.076343016706,Positive,617
2030-12-05 20:30:00,44593.970895153834,Positive,617
2030-12-05 20:45:00,44199.2086471755,Positive,617
2030-12-05 21:00:00,43975.133928542025,Positive,617
2030-12-05 21:15:00,43474.927150832824,Positive,617
2030-12-05 21:30:00,42734.7978377044,Positive,617
2030-12-05 21:45:00,42427.49590984354,Positive,617
2030-12-05 22:00:00,42233.80744623848,Positive,617
2030-12-05 22:15:00,42181.9254816448,Positive,617
2030-12-05 22:30:00,41829.316183821546,Positive,617
2030-12-05 22:45:00,41610.87870009593,Positive,617
2030-12-05 23:00:00,41220.21876613715,Positive,617
2030-12-05 23:15:00,41267.4335009012,Positive,617
2030-12-05 23:30:00,41098.91992519788,Positive,617
2030-12-05 23:45:00,40951.87189849947,Positive,617
2030-12-06 00:00:00,40532.85827796118,Positive,617
2030-12-06 00:15:00,40174.45197835997,Positive,617
2030-12-06 00:30:00,39896.653875717006,Positive,617
2030-12-06 00:45:00,39651.79306566126,Positive,617
2030-12-06 01:00:00,39759.2462674526,Positive,617
2030-12-06 01:15:00,39601.07657935842,Positive,617
2030-12-06 01:30:00,39539.910312788634,Positive,617
2030-12-06 01:45:00,39681.66699096719,Positive,617
2030-12-06 02:00:00,40004.623605018234,Positive,617
2030-12-06 02:15:00,40409.34471001108,Positive,617
2030-12-06 02:30:00,40872.231047019275,Positive,617
2030-12-06 02:45:00,41431.5816816022,Positive,617
2030-12-06 03:00:00,42049.22230804884,Positive,617
2030-12-06 03:15:00,42391.1662993063,Positive,617
2030-12-06 03:30:00,42832.165342173685,Positive,617
2030-12-06 03:45:00,43355.531940387176,Positive,617
2030-12-06 04:00:00,45457.117723333075,Positive,617
2030-12-06 04:15:00,45955.74388294362,Positive,617
2030-12-06 04:30:00,46569.92636966979,Positive,617
2030-12-06 04:45:00,47089.77872930723,Positive,617
2030-12-06 05:00:00,49239.616526576756,Positive,617
2030-12-06 05:15:00,49899.30108344367,Positive,617
2030-12-06 05:30:00,50715.97451058302,Positive,617
2030-12-06 05:45:00,51951.294933363744,Positive,617
2030-12-06 06:00:00,53253.63662399572,Positive,617
2030-12-06 06:15:00,54305.4792195107,Positive,617
2030-12-06 06:30:00,55087.18574006723,Positive,617
2030-12-06 06:45:00,55642.133320802604,Positive,617
2030-12-06 07:00:00,55464.06050256508,Positive,617
2030-12-06 07:15:00,55711.427107961965,Positive,617
2030-12-06 07:30:00,55703.167076115365,Positive,617
2030-12-06 07:45:00,55605.06190705792,Positive,617
2030-12-06 08:00:00,54317.78119270104,Positive,617
2030-12-06 08:15:00,54045.84174784609,Positive,617
2030-12-06 08:30:00,53600.75089697498,Positive,617
2030-12-06 08:45:00,53055.323644717486,Positive,617
2030-12-06 09:00:00,52462.16125837977,Positive,617
2030-12-06 09:15:00,52158.3481660623,Positive,617
2030-12-06 09:30:00,51565.81690692397,Positive,617
2030-12-06 09:45:00,51023.58385716917,Positive,617
2030-12-06 10:00:00,49264.24332227116,Positive,617
2030-12-06 10:15:00,48458.9814603391,Positive,617
2030-12-06 10:30:00,47057.709825917314,Positive,617
2030-12-06 10:45:00,45936.04107429971,Positive,617
2030-12-06 11:00:00,20877.16977392011,Positive,617
2030-12-06 11:15:00,20703.212641358325,Positive,617
2030-12-06 11:30:00,20420.81009613191,Positive,617
2030-12-06 11:45:00,20419.987447095973,Positive,617
2030-12-06 12:00:00,20232.537708630298,Positive,617
2030-12-06 12:15:00,20063.8174896476,Positive,617
2030-12-06 12:30:00,20088.554329762075,Positive,617
2030-12-06 12:45:00,28260.357962299036,Positive,617
2030-12-06 13:00:00,51804.5347110804,Positive,617
2030-12-06 13:15:00,53060.54684608318,Positive,617
2030-12-06 13:30:00,53145.82181410963,Positive,617
2030-12-06 13:45:00,50965.17933632049,Positive,617
2030-12-06 14:00:00,49162.18851009898,Positive,617
2030-12-06 14:15:00,48137.764029801314,Positive,617
2030-12-06 14:30:00,47214.89864940487,Positive,617
2030-12-06 14:45:00,46908.64061788265,Positive,617
2030-12-06 15:00:00,50074.06480163514,Positive,617
2030-12-06 15:15:00,50227.96097691964,Positive,617
2030-12-06 15:30:00,50428.74675659121,Positive,617
2030-12-06 15:45:00,50577.89479833821,Positive,617
2030-12-06 16:00:00,52195.33018450517,Positive,617
2030-12-06 16:15:00,52152.84990733994,Positive,617
2030-12-06 16:30:00,52138.814841012136,Positive,617
2030-12-06 16:45:00,52478.97952190775,Positive,617
2030-12-06 17:00:00,52608.20154711371,Positive,617
2030-12-06 17:15:00,52542.345344850924,Positive,617
2030-12-06 17:30:00,52671.29784744209,Positive,617
2030-12-06 17:45:00,52635.073981114285,Positive,617
2030-12-06 18:00:00,52534.24965836462,Positive,617
2030-12-06 18:15:00,52609.58629457649,Positive,617
2030-12-06 18:30:00,52651.82289359063,Positive,617
2030-12-06 18:45:00,52718.642841661334,Positive,617
2030-12-06 19:00:00,50951.110779403156,Positive,617
2030-12-06 19:15:00,50840.55201381734,Positive,617
2030-12-06 19:30:00,50676.858974974224,Positive,617
2030-12-06 19:45:00,50260.76313513869,Positive,617
2030-12-06 20:00:00,49404.36806068676,Positive,617
2030-12-06 20:15:00,48486.202627737395,Positive,617
2030-12-06 20:30:00,48084.27277135782,Positive,617
2030-12-06 20:45:00,47672.684573104976,Positive,617
2030-12-06 21:00:00,47045.94996697772,Positive,617
2030-12-06 21:15:00,46603.174919621415,Positive,617
2030-12-06 21:30:00,46038.996395835085,Positive,617
2030-12-06 21:45:00,45650.40821838226,Positive,617
2030-12-06 22:00:00,47068.319582391814,Positive,617
2030-12-06 22:15:00,46864.67971142727,Positive,617
2030-12-06 22:30:00,46699.324252137994,Positive,617
2030-12-06 22:45:00,46443.74830985622,Positive,617
2030-12-06 23:00:00,44205.49068033645,Positive,617
2030-12-06 23:15:00,44227.52975097662,Positive,617
2030-12-06 23:30:00,44298.23775127453,Positive,617
2030-12-06 23:45:00,44196.29759078379,Positive,617
2030-12-07 00:00:00,45309.77706136191,Positive,617
2030-12-07 00:15:00,45027.01637158458,Positive,617
2030-12-07 00:30:00,44715.53570326654,Positive,617
2030-12-07 00:45:00,44652.55475365599,Positive,617
2030-12-07 01:00:00,43004.619698881026,Positive,617
2030-12-07 01:15:00,42814.8824723956,Positive,617
2030-12-07 01:30:00,42772.54060374226,Positive,617
2030-12-07 01:45:00,43014.09315547136,Positive,617
2030-12-07 02:00:00,44841.036837176514,Positive,617
2030-12-07 02:15:00,45133.709039561516,Positive,617
2030-12-07 02:30:00,45801.36487576272,Positive,617
2030-12-07 02:45:00,46224.609575985975,Positive,617
2030-12-07 03:00:00,46754.025234681394,Positive,617
2030-12-07 03:15:00,46975.92911789262,Positive,617
2030-12-07 03:30:00,47612.03757003008,Positive,617
2030-12-07 03:45:00,48180.64463849221,Positive,617
2030-12-07 04:00:00,49015.42034799821,Positive,617
2030-12-07 04:15:00,49476.17786869936,Positive,617
2030-12-07 04:30:00,50114.17032041265,Positive,617
2030-12-07 04:45:00,50753.44267939776,Positive,617
2030-12-07 05:00:00,51715.155487834876,Positive,617
2030-12-07 05:15:00,52225.22848580195,Positive,617
2030-12-07 05:30:00,52810.61607019392,Positive,617
2030-12-07 05:45:00,53798.28861823805,Positive,617
2030-12-07 06:00:00,55378.285859154246,Positive,617
2030-12-07 06:15:00,56471.079593074086,Positive,617
2030-12-07 06:30:00,57452.50380443919,Positive,617
2030-12-07 06:45:00,58122.231341698905,Positive,617
2030-12-07 07:00:00,58653.90369601623,Positive,617
2030-12-07 07:15:00,58849.83593204351,Positive,617
2030-12-07 07:30:00,58979.62157255876,Positive,617
2030-12-07 07:45:00,58803.68514555942,Positive,617
2030-12-07 08:00:00,57388.45266344545,Positive,617
2030-12-07 08:15:00,57023.16200270901,Positive,617
2030-12-07 08:30:00,56353.10143492868,Positive,617
2030-12-07 08:45:00,55905.2383683974,Positive,617
2030-12-07 09:00:00,55425.76986245763,Positive,617
2030-12-07 09:15:00,54936.41382225412,Positive,617
2030-12-07 09:30:00,54168.51649359494,Positive,617
2030-12-07 09:45:00,53542.370043256335,Positive,617
2030-12-07 10:00:00,51827.744370430475,Positive,617
2030-12-07 10:15:00,51115.14507260834,Positive,617
2030-12-07 10:30:00,49800.848146421005,Positive,617
2030-12-07 10:45:00,48473.65759098151,Positive,617
2030-12-07 11:00:00,21455.605360749454,Positive,617
2030-12-07 11:15:00,21317.377040356423,Positive,617
2030-12-07 11:30:00,21148.359510966435,Positive,617
2030-12-07 11:45:00,20938.18758941468,Positive,617
2030-12-07 12:00:00,20735.782381701287,Positive,617
2030-12-07 12:15:00,20598.015167628582,Positive,617
2030-12-07 12:30:00,20606.410309207346,Positive,617
2030-12-07 12:45:00,31478.86218393746,Positive,617
2030-12-07 13:00:00,53785.81098847356,Positive,617
2030-12-07 13:15:00,55163.144110785215,Positive,617
2030-12-07 13:30:00,55128.39418810253,Positive,617
2030-12-07 13:45:00,53260.15188482697,Positive,617
2030-12-07 14:00:00,51531.09454360866,Positive,617
2030-12-07 14:15:00,50637.00997130826,Positive,617
2030-12-07 14:30:00,49627.44654709011,Positive,617
2030-12-07 14:45:00,49298.327310001536,Positive,617
2030-12-07 15:00:00,49321.830604096984,Positive,617
2030-12-07 15:15:00,49242.48681380208,Positive,617
2030-12-07 15:30:00,49474.161869846335,Positive,617
2030-12-07 15:45:00,49376.23037533921,Positive,617
2030-12-07 16:00:00,49166.779471388756,Positive,617
2030-12-07 16:15:00,49175.18360627475,Positive,617
2030-12-07 16:30:00,49311.89193373744,Positive,617
2030-12-07 16:45:00,49497.15113846213,Positive,617
2030-12-07 17:00:00,49470.00189457563,Positive,617
2030-12-07 17:15:00,49265.77001560047,Positive,617
2030-12-07 17:30:00,49178.71153401361,Positive,617
2030-12-07 17:45:00,48912.533595208544,Positive,617
2030-12-07 18:00:00,50352.03897457848,Positive,617
2030-12-07 18:15:00,50285.10696211091,Positive,617
2030-12-07 18:30:00,50235.13109896567,Positive,617
2030-12-07 18:45:00,50171.698565559615,Positive,617
2030-12-07 19:00:00,48130.01742221892,Positive,617
2030-12-07 19:15:00,47813.85174690644,Positive,617
2030-12-07 19:30:00,47628.29205924368,Positive,617
2030-12-07 19:45:00,46995.098396757305,Positive,617
2030-12-07 20:00:00,47722.902795717375,Positive,617
2030-12-07 20:15:00,46687.785179191305,Positive,617
2030-12-07 20:30:00,45880.088559349664,Positive,617
2030-12-07 20:45:00,45292.49162252293,Positive,617
2030-12-07 21:00:00,42778.332212647016,Positive,617
2030-12-07 21:15:00,42132.65794129149,Positive,617
2030-12-07 21:30:00,41163.45258258002,Positive,617
2030-12-07 21:45:00,40310.67199247407,Positive,617
2030-12-07 22:00:00,39938.815007098616,Positive,617
2030-12-07 22:15:00,39425.10758883885,Positive,617
2030-12-07 22:30:00,39218.13031228815,Positive,617
2030-12-07 22:45:00,38741.6351946772,Positive,617
2030-12-07 23:00:00,37852.53205244674,Positive,617
2030-12-07 23:15:00,37466.06124297842,Positive,617
2030-12-07 23:30:00,37050.62434021638,Positive,617
2030-12-07 23:45:00,36700.13200558646,Positive,617
2030-12-08 00:00:00,35068.112911394746,Positive,617
2030-12-08 00:15:00,34673.95701018867,Positive,617
2030-12-08 00:30:00,34644.96316689144,Positive,617
2030-12-08 00:45:00,34522.923985116606,Positive,617
2030-12-08 01:00:00,34336.54260447382,Positive,617
2030-12-08 01:15:00,34207.1355188881,Positive,617
2030-12-08 01:30:00,34177.85930061234,Positive,617
2030-12-08 01:45:00,34311.2724778688,Positive,617
2030-12-08 02:00:00,34749.35750941981,Positive,617
2030-12-08 02:15:00,34832.387206332794,Positive,617
2030-12-08 02:30:00,35156.354604515254,Positive,617
2030-12-08 02:45:00,35415.34816370832,Positive,617
2030-12-08 03:00:00,35847.70089738104,Positive,617
2030-12-08 03:15:00,36136.02658428961,Positive,617
2030-12-08 03:30:00,36474.91743973021,Positive,617
2030-12-08 03:45:00,36894.6845262485,Positive,617
2030-12-08 04:00:00,38816.61252471758,Positive,617
2030-12-08 04:15:00,39325.78596780447,Positive,617
2030-12-08 04:30:00,39844.619936215364,Positive,617
2030-12-08 04:45:00,40429.07444366389,Positive,617
2030-12-08 05:00:00,41398.840274515394,Positive,617
2030-12-08 05:15:00,42067.17793548062,Positive,617
2030-12-08 05:30:00,42273.79760551681,Positive,617
2030-12-08 05:45:00,43328.863765313,Positive,617
2030-12-08 06:00:00,44013.57419516965,Positive,617
2030-12-08 06:15:00,45392.713179020735,Positive,617
2030-12-08 06:30:00,46131.442079055945,Positive,617
2030-12-08 06:45:00,47064.48561306394,Positive,617
2030-12-08 07:00:00,48020.14162292795,Positive,617
2030-12-08 07:15:00,48315.80438798742,Positive,617
2030-12-08 07:30:00,48582.59341593733,Positive,617
2030-12-08 07:45:00,48683.537844954924,Positive,617
2030-12-08 08:00:00,48768.03838904427,Positive,617
2030-12-08 08:15:00,48411.50210061471,Positive,617
2030-12-08 08:30:00,47785.87860710263,Positive,617
2030-12-08 08:45:00,47166.122283513316,Positive,617
2030-12-08 09:00:00,46277.7906168074,Positive,617
2030-12-08 09:15:00,45505.570713594614,Positive,617
2030-12-08 09:30:00,44507.1094786852,Positive,617
2030-12-08 09:45:00,43240.90670188714,Positive,617
2030-12-08 10:00:00,41248.3184058159,Positive,617
2030-12-08 10:15:00,40002.80513701486,Positive,617
2030-12-08 10:30:00,38404.11684414495,Positive,617
2030-12-08 10:45:00,37005.263898678124,Positive,617
2030-12-08 11:00:00,11657.389753166317,Positive,617
2030-12-08 11:15:00,11454.539934210252,Positive,617
2030-12-08 11:30:00,11608.06787639898,Positive,617
2030-12-08 11:45:00,11718.07287609739,Positive,617
2030-12-08 12:00:00,11983.044075832187,Positive,617
2030-12-08 12:15:00,12495.666301786976,Positive,617
2030-12-08 12:30:00,13185.736650457487,Positive,617
2030-12-08 12:45:00,24470.78763225559,Positive,617
2030-12-08 13:00:00,47180.40386948426,Positive,617
2030-12-08 13:15:00,49184.97772949854,Positive,617
2030-12-08 13:30:00,49433.87148405005,Positive,617
2030-12-08 13:45:00,47810.897096393644,Positive,617
2030-12-08 14:00:00,46617.213006155886,Positive,617
2030-12-08 14:15:00,46184.20370235472,Positive,617
2030-12-08 14:30:00,45203.63141749839,Positive,617
2030-12-08 14:45:00,44917.506398424586,Positive,617
2030-12-08 15:00:00,45085.523636287355,Positive,617
2030-12-08 15:15:00,45673.481799780704,Positive,617
2030-12-08 15:30:00,46072.50004713416,Positive,617
2030-12-08 15:45:00,46176.73669986473,Positive,617
2030-12-08 16:00:00,46348.98491157507,Positive,617
2030-12-08 16:15:00,46694.04669168893,Positive,617
2030-12-08 16:30:00,46897.100461391885,Positive,617
2030-12-08 16:45:00,47194.994711053456,Positive,617
2030-12-08 17:00:00,47327.89822407442,Positive,617
2030-12-08 17:15:00,47426.37429970841,Positive,617
2030-12-08 17:30:00,47528.81426461787,Positive,617
2030-12-08 17:45:00,47560.71739951211,Positive,617
2030-12-08 18:00:00,47877.70693660686,Positive,617
2030-12-08 18:15:00,47888.56435008408,Positive,617
2030-12-08 18:30:00,47931.78604031206,Positive,617
2030-12-08 18:45:00,47948.327980415525,Positive,617
2030-12-08 19:00:00,48133.449693338414,Positive,617
2030-12-08 19:15:00,48015.85891952556,Positive,617
2030-12-08 19:30:00,47591.9578321748,Positive,617
2030-12-08 19:45:00,46878.41935272429,Positive,617
2030-12-08 20:00:00,46026.934354244724,Positive,617
2030-12-08 20:15:00,45246.196076694854,Positive,617
2030-12-08 20:30:00,44363.82959864661,Positive,617
2030-12-08 20:45:00,43671.372917833134,Positive,617
2030-12-08 21:00:00,44682.597034696686,Positive,617
2030-12-08 21:15:00,43852.454977086774,Positive,617
2030-12-08 21:30:00,43228.17113091073,Positive,617
2030-12-08 21:45:00,42622.45257376715,Positive,617
2030-12-08 22:00:00,42292.03556503281,Positive,617
2030-12-08 22:15:00,41867.32379742528,Positive,617
2030-12-08 22:30:00,41674.253411786274,Positive,617
2030-12-08 22:45:00,41331.7579599443,Positive,617
2030-12-08 23:00:00,40683.12149344729,Positive,617
2030-12-08 23:15:00,40431.758369247094,Positive,617
2030-12-08 23:30:00,39818.20276899581,Positive,617
2030-12-08 23:45:00,39447.03365282787,Positive,617
2030-12-09 00:00:00,38599.031576656496,Positive,617
2030-12-09 00:15:00,38108.884806578935,Positive,617
2030-12-09 00:30:00,37662.54182403206,Positive,617
2030-12-09 00:45:00,37375.51485677011,Positive,617
2030-12-09 01:00:00,38630.85983353882,Positive,617
2030-12-09 01:15:00,38250.95374699659,Positive,617
2030-12-09 01:30:00,38072.23914557506,Positive,617
2030-12-09 01:45:00,38115.880805867855,Positive,617
2030-12-09 02:00:00,38080.16002657942,Positive,617
2030-12-09 02:15:00,38307.16570820914,Positive,617
2030-12-09 02:30:00,38794.06377443278,Positive,617
2030-12-09 02:45:00,39101.508065971706,Positive,617
2030-12-09 03:00:00,39368.385354360515,Positive,617
2030-12-09 03:15:00,39505.62953755851,Positive,617
2030-12-09 03:30:00,39648.44473059952,Positive,617
2030-12-09 03:45:00,40131.3986504206,Positive,617
2030-12-09 04:00:00,40386.81160814474,Positive,617
2030-12-09 04:15:00,40531.65444246801,Positive,617
2030-12-09 04:30:00,40877.09435497016,Positive,617
2030-12-09 04:45:00,41285.88828201574,Positive,617
2030-12-09 05:00:00,41563.64716594237,Positive,617
2030-12-09 05:15:00,41852.61277188683,Positive,617
2030-12-09 05:30:00,42113.593246436736,Positive,617
2030-12-09 05:45:00,42441.315736353296,Positive,617
2030-12-09 06:00:00,42948.85436941629,Positive,617
2030-12-09 06:15:00,43146.05924180122,Positive,617
2030-12-09 06:30:00,43238.1103065465,Positive,617
2030-12-09 06:45:00,43581.804661208495,Positive,617
2030-12-09 07:00:00,43952.4733857396,Positive,617
2030-12-09 07:15:00,43990.574180708245,Positive,617
2030-12-09 07:30:00,43871.715449398784,Positive,617
2030-12-09 07:45:00,43766.949716673094,Positive,617
2030-12-09 08:00:00,43488.070754230226,Positive,617
2030-12-09 08:15:00,43268.73561845729,Positive,617
2030-12-09 08:30:00,42919.84289611304,Positive,617
2030-12-09 08:45:00,42491.226419121114,Positive,617
2030-12-09 09:00:00,42211.4604274776,Positive,617
2030-12-09 09:15:00,41914.34422517291,Positive,617
2030-12-09 09:30:00,41446.066851394164,Positive,617
2030-12-09 09:45:00,40749.572172682594,Positive,617
2030-12-09 10:00:00,39055.938837547,Positive,617
2030-12-09 10:15:00,38052.308498759914,Positive,617
2030-12-09 10:30:00,36683.13285461345,Positive,617
2030-12-09 10:45:00,35354.50640464612,Positive,617
2030-12-09 11:00:00,6867.47612150506,Positive,617
2030-12-09 11:15:00,6542.623375825096,Positive,617
2030-12-09 11:30:00,6137.787539170617,Positive,617
2030-12-09 11:45:00,5915.886754444362,Positive,617
2030-12-09 12:00:00,5700.9336869367435,Positive,617
2030-12-09 12:15:00,5641.887475504111,Positive,617
2030-12-09 12:30:00,5518.465637895617,Positive,617
2030-12-09 12:45:00,18756.619786776995,Positive,617
2030-12-09 13:00:00,39517.12832369495,Positive,617
2030-12-09 13:15:00,40729.920525979855,Positive,617
2030-12-09 13:30:00,40867.89910139546,Positive,617
2030-12-09 13:45:00,39117.09867657938,Positive,617
2030-12-09 14:00:00,37591.93196134071,Positive,617
2030-12-09 14:15:00,36277.68683741813,Positive,617
2030-12-09 14:30:00,35252.57308651041,Positive,617
2030-12-09 14:45:00,34799.07581410999,Positive,617
2030-12-09 15:00:00,34725.841666364504,Positive,617
2030-12-09 15:15:00,34848.59084385923,Positive,617
2030-12-09 15:30:00,34849.137031661165,Positive,617
2030-12-09 15:45:00,34523.00574303919,Positive,617
2030-12-09 16:00:00,34383.7406233577,Positive,617
2030-12-09 16:15:00,34256.55288607175,Positive,617
2030-12-09 16:30:00,33747.71284310558,Positive,617
2030-12-09 16:45:00,33558.80810565778,Positive,617
2030-12-09 17:00:00,35290.421363997964,Positive,617
2030-12-09 17:15:00,35189.09927491887,Positive,617
2030-12-09 17:30:00,34838.1764817546,Positive,617
2030-12-09 17:45:00,34459.755248614805,Positive,617
2030-12-09 18:00:00,32725.84269118648,Positive,617
2030-12-09 18:15:00,32740.899261820254,Positive,617
2030-12-09 18:30:00,32778.910529241846,Positive,617
2030-12-09 18:45:00,32705.724005669297,Positive,617
2030-12-09 19:00:00,34137.27140119685,Positive,617
2030-12-09 19:15:00,33756.74890344855,Positive,617
2030-12-09 19:30:00,33704.54179368719,Positive,617
2030-12-09 19:45:00,32986.8737391495,Positive,617
2030-12-09 20:00:00,32318.42804249203,Positive,617
2030-12-09 20:15:00,31390.269670694048,Positive,617
2030-12-09 20:30:00,30904.819249756947,Positive,617
2030-12-09 20:45:00,30392.29192676512,Positive,617
2030-12-09 21:00:00,28560.85019969897,Positive,617
2030-12-09 21:15:00,28079.315610035253,Positive,617
2030-12-09 21:30:00,27626.552858084768,Positive,617
2030-12-09 21:45:00,27406.85288939163,Positive,617
2030-12-09 22:00:00,27928.17855751905,Positive,617
2030-12-09 22:15:00,27667.923632246915,Positive,617
2030-12-09 22:30:00,27306.049137372633,Positive,617
2030-12-09 22:45:00,27200.79544729731,Positive,617
2030-12-09 23:00:00,27105.437318064993,Positive,617
2030-12-09 23:15:00,26856.26138592316,Positive,617
2030-12-09 23:30:00,26419.7124347488,Positive,617
2030-12-09 23:45:00,26315.372357189794,Positive,617
2030-12-10 00:00:00,25830.24209148001,Positive,617
2030-12-10 00:15:00,25478.644767980528,Positive,617
2030-12-10 00:30:00,24999.275439929304,Positive,617
2030-12-10 00:45:00,25105.038818039066,Positive,617
2030-12-10 01:00:00,25153.734001768462,Positive,617
2030-12-10 01:15:00,25141.751469529598,Positive,617
2030-12-10 01:30:00,24789.283375545267,Positive,617
2030-12-10 01:45:00,25054.970941936277,Positive,617
2030-12-10 02:00:00,25187.683069266684,Positive,617
2030-12-10 02:15:00,25602.908218169032,Positive,617
2030-12-10 02:30:00,26156.69113575461,Positive,617
2030-12-10 02:45:00,26620.667164291597,Positive,617
2030-12-10 03:00:00,26868.733332816737,Positive,617
2030-12-10 03:15:00,27368.094158524138,Positive,617
2030-12-10 03:30:00,27827.09234232508,Positive,617
2030-12-10 03:45:00,28195.833691864835,Positive,617
2030-12-10 04:00:00,28911.354235470684,Positive,617
2030-12-10 04:15:00,29402.72785240965,Positive,617
2030-12-10 04:30:00,29663.938887275945,Positive,617
2030-12-10 04:45:00,29944.139247287392,Positive,617
2030-12-10 05:00:00,30432.51590387878,Positive,617
2030-12-10 05:15:00,30857.01010351439,Positive,617
2030-12-10 05:30:00,31366.918073042507,Positive,617
2030-12-10 05:45:00,31593.476941515408,Positive,617
2030-12-10 06:00:00,31683.603848718336,Positive,617
2030-12-10 06:15:00,32234.053013900986,Positive,617
2030-12-10 06:30:00,32986.06324334732,Positive,617
2030-12-10 06:45:00,32841.913698021846,Positive,617
2030-12-10 07:00:00,32585.30365186025,Positive,617
2030-12-10 07:15:00,32789.486229131246,Positive,617
2030-12-10 07:30:00,32948.22304068783,Positive,617
2030-12-10 07:45:00,32734.448683771847,Positive,617
2030-12-10 08:00:00,32642.839321147592,Positive,617
2030-12-10 08:15:00,32328.108317162558,Positive,617
2030-12-10 08:30:00,31708.46991688643,Positive,617
2030-12-10 08:45:00,31193.96130597672,Positive,617
2030-12-10 09:00:00,30898.401049408727,Positive,617
2030-12-10 09:15:00,30426.493731670096,Positive,617
2030-12-10 09:30:00,29698.800743712898,Positive,617
2030-12-10 09:45:00,28670.827726336276,Positive,617
2030-12-10 10:00:00,25191.330293616516,Positive,617
2030-12-10 10:15:00,23737.114410226,Positive,617
2030-12-10 10:30:00,22063.651186817064,Positive,617
2030-12-10 10:45:00,20306.686465239403,Positive,617
