Uhrzeit;Relativer Bedarf;Normierter Bedarf;Anzahl Autos;Strombedarf (kWh)
00:00;0.049784633;0.007251875850116007;11022.85129217633;70546.24826992852
00:15;0.052405917;0.007633705040980897;11603.231662290964;74260.68263866217
00:30;0.055682521;0.008110991383897063;12328.706903523536;78903.72418255064
00:45;0.058959126;0.008588277872478175;13054.182366166826;83546.76714346769
01:00;0.065512335;0.009542850703975455;14505.133070042692;92832.85164827324
01:15;0.072065545;0.010497423681137676;15956.083995329269;102118.93757010733
01:30;0.079929396;0.011642911108067401;17697.22488426245;113262.23925927968
01:45;0.087793248;0.012788398680662071;19438.36599460635;124405.54236548064
02:00;0.095657099;0.013933886107591794;21179.50688353953;135548.844054653
02:15;0.10352095;0.015079373534521517;22920.647772472705;146692.14574382533
02:30;0.109418839;0.01593848921396752;24226.50360523063;155049.62307347605
02:45;0.11728269;0.017083976640897242;25967.644494163807;166192.92476264838
03:00;0.12449122;0.018134006770110744;27563.69029056833;176407.61785963734
03:15;0.132355072;0.01927949434270541;29304.831400912222;187550.92096583825
03:30;0.140874244;0.020520439067351362;31191.06738237407;199622.83124719406
03:45;0.146772132;0.021379554601132417;32496.922993721273;207980.30715981615
04:00;0.148738095;0.02166592649428108;32932.208271307245;210766.13293636637
04:15;0.148738095;0.02166592649428108;32932.208271307245;210766.13293636637
04:30;0.148738095;0.02166592649428108;32932.208271307245;210766.13293636637
04:45;0.148082774;0.02157046919656486;32787.113178778585;209837.52434418295
05:00;0.137597639;0.020043152578770245;30465.591919730774;194979.78828627698
05:15;0.129078467;0.0188022078541243;28579.35593826894;182907.87800492122
05:30;0.119248653;0.01737034853404591;26402.929771749783;168978.75053919863
05:45;0.109418839;0.01593848921396752;24226.50360523063;155049.62307347605
06:00;0.10352095;0.015079373534521517;22920.647772472705;146692.14574382533
06:15;0.098278383;0.014315715298456683;21759.887253654157;139263.2784233866
06:30;0.093035815;0.013552056916726904;20599.126513424893;131834.40968591932
06:45;0.089103889;0.012979313130429571;19728.55595825295;126262.75813281888
07:00;0.083861322;0.012215654894364736;18567.795439434398;118833.89081238015
07:15;0.078618754;0.011451996512634956;17407.034699205135;111405.02207491286
07:30;0.074031508;0.010783795574286345;16391.369272915243;104904.76334665756
07:45;0.068133619;0.009924679894840345;15085.513440157323;96547.28601700687
08:00;0.06878894;0.010020137192556566;15230.608532685981;97475.89460919029
08:15;0.06878894;0.010020137192556566;15230.608532685981;97475.89460919029
08:30;0.06878894;0.010020137192556566;15230.608532685981;97475.89460919029
08:45;0.068133619;0.009924679894840345;15085.513440157323;96547.28601700687
09:00;0.06878894;0.010020137192556566;15230.608532685981;97475.89460919029
09:15;0.06878894;0.010020137192556566;15230.608532685981;97475.89460919029
09:30;0.06878894;0.010020137192556566;15230.608532685981;97475.89460919029
09:45;0.06878894;0.010020137192556566;15230.608532685981;97475.89460919029
10:00;0.06878894;0.010020137192556566;15230.608532685981;97475.89460919029
10:15;0.06878894;0.010020137192556566;15230.608532685981;97475.89460919029
10:30;0.06878894;0.010020137192556566;15230.608532685981;97475.89460919029
10:45;0.06878894;0.010020137192556566;15230.608532685981;97475.89460919029
11:00;0.066167656;0.009638308001691676;14650.228162571348;93761.46024045662
11:15;0.062891052;0.00916102165877551;13924.752921338775;89118.41869656817
11:30;0.06158041;0.008970107063343065;13634.56273628146;87261.20151220134
11:45;0.058959126;0.008588277872478175;13054.182366166826;83546.76714346769
12:00;0.057648484;0.00839736327704573;12763.99218110951;81689.54995910087
12:15;0.057648484;0.00839736327704573;12763.99218110951;81689.54995910087
12:30;0.057648484;0.00839736327704573;12763.99218110951;81689.54995910087
12:45;0.057648484;0.00839736327704573;12763.99218110951;81689.54995910087
13:00;0.056993163;0.008301905979329508;12618.897088580852;80760.94136691745
13:15;0.053716558;0.007824619490748395;11893.42162593756;76117.89840600039
13:30;0.051095275;0.007442790445548452;11313.041477233646;72403.46545429534
13:45;0.048473991;0.007060961254683562;10732.661107119015;68689.0310855617
14:00;0.048473991;0.007060961254683562;10732.661107119015;68689.0310855617
14:15;0.048473991;0.007060961254683562;10732.661107119015;68689.0310855617
14:30;0.048473991;0.007060961254683562;10732.661107119015;68689.0310855617
14:45;0.04781867;0.006965503956967339;10587.566014590355;67760.42249337827
15:00;0.048473991;0.007060961254683562;10732.661107119015;68689.0310855617
15:15;0.048473991;0.007060961254683562;10732.661107119015;68689.0310855617
15:30;0.048473991;0.007060961254683562;10732.661107119015;68689.0310855617
15:45;0.048473991;0.007060961254683562;10732.661107119015;68689.0310855617
16:00;0.048473991;0.007060961254683562;10732.661107119015;68689.0310855617
16:15;0.048473991;0.007060961254683562;10732.661107119015;68689.0310855617
16:30;0.048473991;0.007060961254683562;10732.661107119015;68689.0310855617
16:45;0.048473991;0.007060961254683562;10732.661107119015;68689.0310855617
17:00;0.048473991;0.007060961254683562;10732.661107119015;68689.0310855617
17:15;0.048473991;0.007060961254683562;10732.661107119015;68689.0310855617
17:30;0.048473991;0.007060961254683562;10732.661107119015;68689.0310855617
17:45;0.048473991;0.007060961254683562;10732.661107119015;68689.0310855617
18:00;0.047163349;0.006870046659251117;10442.470922061697;66831.81390119487
18:15;0.045852707;0.006679132063818672;10152.280737004381;64974.59671682804
18:30;0.049765645;0.007249109964131831;11018.647145480383;70519.34173107446
18:45;0.049765645;0.007249109964131831;11018.647145480383;70519.34173107446
19:00;0.049765645;0.007249109964131831;11018.647145480383;70519.34173107446
19:15;0.052045408;0.007581191517162222;11523.411106086578;73749.8310789541
19:30;0.047485882;0.006917028411101441;10513.88318487419;67288.85238319483
19:45;0.052045408;0.007581191517162222;11523.411106086578;73749.8310789541
20:00;0.049765645;0.007249109964131831;11018.647145480383;70519.34173107446
20:15;0.049765645;0.007249109964131831;11018.647145480383;70519.34173107446
20:30;0.049765645;0.007249109964131831;11018.647145480383;70519.34173107446
20:45;0.049765645;0.007249109964131831;11018.647145480383;70519.34173107446
21:00;0.047485882;0.006917028411101441;10513.88318487419;67288.85238319483
21:15;0.049765645;0.007249109964131831;11018.647145480383;70519.34173107446
21:30;0.047485882;0.006917028411101441;10513.88318487419;67288.85238319483
21:45;0.049765645;0.007249109964131831;11018.647145480383;70519.34173107446
22:00;0.049765645;0.007249109964131831;11018.647145480383;70519.34173107446
22:15;0.047485882;0.006917028411101441;10513.88318487419;67288.85238319483
22:30;0.049765645;0.007249109964131831;11018.647145480383;70519.34173107446
22:45;0.047485882;0.006917028411101441;10513.88318487419;67288.85238319483
23:00;0.049765645;0.007249109964131831;11018.647145480383;70519.34173107446
23:15;0.143235923;0.020864452910053104;31713.96842328072;202969.39790899662
23:30;0.061164459;0.008909517583618836;13542.466727100631;86671.78705344404
23:45;0.068003748;0.009905762242710009;15056.758608919214;96363.25509708298
;;;;
;;;;
