Tageszeit;-17;-16;-15;-14;-13;-12;-11;-10;-9;-8;-7;-6;-5;-4;-3;-2;-1;0;1;2;3;4;5;6;7;8;9;10;11;12;13;14;15;16;17
00:00:00;1,5114;1,5115;1,5038;1,4935;1,4805;1,4648;1,4466;1,4259;1,4026;1,3768;1,3379;1,3179;1,2848;1,2492;1,2154;1,1787;1,1394;1,0995;1,0546;1,0072;0,9272;0,8500;0,7738;0,6994;0,6268;0,5561;0,4872;0,4202;0,3549;0,2914;0,2296;0,1708;0,1122;0,0547;0,0060
00:15:00;1,5238;1,5239;1,5162;1,5057;1,4926;1,4768;1,4585;1,4376;1,4141;1,3881;1,3488;1,3287;1,2953;1,2595;1,2253;1,1884;1,1487;1,1107;1,0654;1,0174;0,9367;0,8587;0,7816;0,7065;0,6332;0,5618;0,4922;0,4244;0,3585;0,2943;0,2320;0,1725;0,1133;0,0547;0,0066
00:30:00;1,5284;1,5285;1,5207;1,5102;1,4971;1,4813;1,4629;1,4419;1,4184;1,3923;1,3529;1,3327;1,2992;1,2633;1,2290;1,1920;1,1521;1,1140;1,0686;1,0205;0,9395;0,8613;0,7840;0,7086;0,6351;0,5635;0,4937;0,4257;0,3596;0,2952;0,2327;0,1731;0,1137;0,0549;0,0066
00:45:00;1,5271;1,5273;1,5195;1,5090;1,4958;1,4801;1,4617;1,4407;1,4172;1,3911;1,3518;1,3316;1,2981;1,2622;1,2280;1,1910;1,1512;1,1131;1,0677;1,0197;0,9387;0,8606;0,7833;0,7080;0,6346;0,5630;0,4933;0,4254;0,3593;0,2950;0,2325;0,1729;0,1136;0,0548;0,0066
01:00:00;1,5262;1,5263;1,5185;1,5080;1,4949;1,4791;1,4608;1,4398;1,4163;1,3903;1,3509;1,3307;1,2973;1,2614;1,2272;1,1902;1,1505;1,1124;1,0670;1,0190;0,9381;0,8600;0,7829;0,7076;0,6342;0,5627;0,4930;0,4251;0,3591;0,2948;0,2323;0,1728;0,1135;0,0548;0,0066
01:15:00;1,5210;1,5211;1,5133;1,5029;1,4898;1,4741;1,4558;1,4349;1,4115;1,3855;1,3463;1,3262;1,2929;1,2571;1,2230;1,1862;1,1466;1,1086;1,0634;1,0155;0,9349;0,8571;0,7802;0,7052;0,6320;0,5607;0,4913;0,4237;0,3578;0,2938;0,2315;0,1722;0,1131;0,0546;0,0066
01:30:00;1,5207;1,5208;1,5131;1,5027;1,4896;1,4739;1,4556;1,4347;1,4112;1,3853;1,3461;1,3260;1,2927;1,2569;1,2228;1,1860;1,1464;1,1084;1,0632;1,0154;0,9348;0,8569;0,7801;0,7051;0,6319;0,5607;0,4912;0,4236;0,3578;0,2937;0,2315;0,1722;0,1131;0,0546;0,0066
01:45:00;1,5253;1,5255;1,5177;1,5072;1,4941;1,4783;1,4600;1,4390;1,4155;1,3895;1,3502;1,3300;1,2966;1,2607;1,2266;1,1896;1,1498;1,1118;1,0665;1,0185;0,9376;0,8595;0,7824;0,7072;0,6339;0,5624;0,4927;0,4249;0,3589;0,2946;0,2322;0,1727;0,1134;0,0548;0,0066
02:00:00;1,5283;1,5284;1,5206;1,5101;1,4970;1,4812;1,4628;1,4418;1,4182;1,3922;1,3528;1,3326;1,2991;1,2632;1,2289;1,1919;1,1521;1,1139;1,0685;1,0204;0,9394;0,8612;0,7839;0,7086;0,6351;0,5634;0,4936;0,4257;0,3595;0,2952;0,2327;0,1730;0,1137;0,0549;0,0066
02:15:00;1,5278;1,5279;1,5201;1,5097;1,4965;1,4807;1,4623;1,4413;1,4178;1,3917;1,3524;1,3322;1,2987;1,2628;1,2285;1,1915;1,1517;1,1136;1,0682;1,0201;0,9391;0,8609;0,7837;0,7083;0,6349;0,5633;0,4935;0,4256;0,3594;0,2951;0,2326;0,1730;0,1136;0,0549;0,0066
02:30:00;1,5249;1,5250;1,5172;1,5068;1,4936;1,4779;1,4595;1,4386;1,4151;1,3891;1,3498;1,3296;1,2962;1,2604;1,2262;1,1892;1,1495;1,1114;1,0661;1,0181;0,9373;0,8593;0,7822;0,7070;0,6337;0,5622;0,4925;0,4247;0,3587;0,2946;0,2321;0,1727;0,1134;0,0548;0,0066
02:45:00;1,5275;1,5276;1,5198;1,5093;1,4962;1,4804;1,4620;1,4410;1,4175;1,3915;1,3521;1,3319;1,2984;1,2625;1,2283;1,1912;1,1515;1,1133;1,0680;1,0199;0,9389;0,8607;0,7835;0,7082;0,6347;0,5631;0,4934;0,4255;0,3594;0,2951;0,2325;0,1730;0,1136;0,0548;0,0066
03:00:00;1,5365;1,5366;1,5288;1,5182;1,5050;1,4891;1,4706;1,4495;1,4259;1,3997;1,3601;1,3397;1,3061;1,2700;1,2355;1,1983;1,1582;1,1199;1,0742;1,0259;0,9445;0,8658;0,7881;0,7124;0,6385;0,5665;0,4963;0,4280;0,3615;0,2968;0,2339;0,1740;0,1143;0,0552;0,0067
03:15:00;1,5481;1,5482;1,5403;1,5297;1,5163;1,5003;1,4817;1,4604;1,4366;1,4102;1,3703;1,3498;1,3159;1,2795;1,2448;1,2073;1,1670;1,1283;1,0823;1,0336;0,9516;0,8723;0,7941;0,7177;0,6433;0,5707;0,5000;0,4312;0,3642;0,2990;0,2357;0,1753;0,1151;0,0556;0,0067
03:30:00;1,5473;1,5474;1,5395;1,5289;1,5156;1,4996;1,4810;1,4597;1,4359;1,4095;1,3696;1,3492;1,3153;1,2789;1,2442;1,2067;1,1664;1,1278;1,0818;1,0331;0,9511;0,8719;0,7937;0,7174;0,6430;0,5705;0,4998;0,4310;0,3640;0,2989;0,2356;0,1752;0,1151;0,0556;0,0067
03:45:00;1,5448;1,5450;1,5371;1,5265;1,5132;1,4972;1,4786;1,4574;1,4336;1,4073;1,3674;1,3470;1,3132;1,2769;1,2422;1,2048;1,1645;1,1260;1,0801;1,0315;0,9496;0,8705;0,7924;0,7162;0,6420;0,5695;0,4990;0,4303;0,3634;0,2984;0,2352;0,1749;0,1149;0,0555;0,0067
04:00:00;1,5437;1,5438;1,5360;1,5254;1,5121;1,4961;1,4776;1,4564;1,4326;1,4062;1,3665;1,3460;1,3122;1,2759;1,2413;1,2039;1,1637;1,1252;1,0793;1,0307;0,9489;0,8699;0,7919;0,7157;0,6415;0,5691;0,4986;0,4300;0,3632;0,2982;0,2350;0,1748;0,1148;0,0554;0,0067
04:15:00;1,5413;1,5414;1,5336;1,5230;1,5097;1,4938;1,4753;1,4541;1,4303;1,4041;1,3643;1,3439;1,3102;1,2740;1,2394;1,2020;1,1619;1,1234;1,0776;1,0291;0,9474;0,8685;0,7906;0,7146;0,6405;0,5682;0,4979;0,4293;0,3626;0,2977;0,2346;0,1745;0,1146;0,0553;0,0067
04:30:00;1,5432;1,5433;1,5355;1,5249;1,5116;1,4957;1,4771;1,4559;1,4321;1,4058;1,3660;1,3456;1,3118;1,2755;1,2409;1,2035;1,1633;1,1248;1,0790;1,0304;0,9486;0,8696;0,7916;0,7155;0,6413;0,5689;0,4985;0,4299;0,3631;0,2981;0,2349;0,1747;0,1148;0,0554;0,0067
04:45:00;1,5463;1,5464;1,5385;1,5279;1,5146;1,4986;1,4800;1,4588;1,4349;1,4086;1,3687;1,3483;1,3144;1,2780;1,2434;1,2059;1,1656;1,1270;1,0811;1,0324;0,9505;0,8713;0,7932;0,7169;0,6425;0,5701;0,4995;0,4307;0,3638;0,2987;0,2354;0,1751;0,1150;0,0555;0,0067
05:00:00;1,5469;1,5471;1,5392;1,5286;1,5152;1,4993;1,4806;1,4594;1,4356;1,4092;1,3693;1,3488;1,3149;1,2786;1,2439;1,2064;1,1661;1,1275;1,0815;1,0329;0,9509;0,8717;0,7935;0,7172;0,6428;0,5703;0,4997;0,4309;0,3639;0,2988;0,2355;0,1752;0,1150;0,0555;0,0067
05:15:00;1,5441;1,5442;1,5364;1,5258;1,5125;1,4965;1,4779;1,4567;1,4329;1,4066;1,3668;1,3464;1,3125;1,2763;1,2416;1,2042;1,1640;1,1255;1,0796;1,0310;0,9491;0,8701;0,7921;0,7159;0,6416;0,5693;0,4988;0,4301;0,3633;0,2983;0,2351;0,1748;0,1148;0,0554;0,0067
05:30:00;1,5488;1,5489;1,5410;1,5304;1,5170;1,5010;1,4824;1,4611;1,4372;1,4108;1,3709;1,3504;1,3165;1,2801;1,2454;1,2078;1,1675;1,1288;1,0828;1,0341;0,9520;0,8727;0,7944;0,7181;0,6436;0,5710;0,5003;0,4314;0,3644;0,2992;0,2358;0,1754;0,1152;0,0556;0,0067
05:45:00;1,5504;1,5505;1,5426;1,5320;1,5186;1,5026;1,4839;1,4627;1,4388;1,4123;1,3724;1,3519;1,3179;1,2815;1,2467;1,2091;1,1687;1,1300;1,0840;1,0352;0,9530;0,8737;0,7953;0,7188;0,6443;0,5716;0,5008;0,4319;0,3648;0,2995;0,2360;0,1756;0,1153;0,0557;0,0067
06:00:00;1,1790;1,1791;1,1731;1,1650;1,1548;1,1426;1,1284;1,1122;1,0941;1,0740;1,0436;1,0280;1,0022;0,9745;0,9480;0,9194;0,8887;0,8593;0,8243;0,7872;0,7247;0,6644;0,6048;0,5466;0,4899;0,4347;0,3808;0,3284;0,2774;0,2277;0,1795;0,1335;0,0877;0,0423;0,0051
06:15:00;1,1850;1,1851;1,1790;1,1709;1,1607;1,1485;1,1342;1,1179;1,0997;1,0795;1,0489;1,0332;1,0073;0,9794;0,9529;0,9241;0,8933;0,8637;0,8285;0,7912;0,7284;0,6678;0,6078;0,5494;0,4924;0,4369;0,3828;0,3301;0,2788;0,2289;0,1804;0,1342;0,0881;0,0426;0,0051
06:30:00;1,1843;1,1844;1,1784;1,1702;1,1600;1,1478;1,1335;1,1173;1,0990;1,0788;1,0483;1,0326;1,0067;0,9789;0,9523;0,9236;0,8928;0,8632;0,8280;0,7908;0,7280;0,6674;0,6075;0,5491;0,4921;0,4366;0,3825;0,3299;0,2786;0,2288;0,1803;0,1341;0,0881;0,0425;0,0051
06:45:00;1,1853;1,1854;1,1794;1,1712;1,1610;1,1488;1,1345;1,1182;1,1000;1,0797;1,0492;1,0335;1,0075;0,9797;0,9531;0,9244;0,8935;0,8639;0,8287;0,7914;0,7286;0,6679;0,6080;0,5496;0,4925;0,4370;0,3829;0,3302;0,2789;0,2290;0,1804;0,1342;0,0882;0,0426;0,0051
07:00:00;1,1917;1,1918;1,1857;1,1775;1,1673;1,1550;1,1406;1,1243;1,1059;1,0856;1,0549;1,0391;1,0130;0,9850;0,9583;0,9294;0,8983;0,8686;0,8332;0,7957;0,7325;0,6715;0,6113;0,5525;0,4952;0,4393;0,3849;0,3319;0,2804;0,2302;0,1814;0,1349;0,0886;0,0428;0,0052
07:15:00;1,1939;1,1940;1,1879;1,1798;1,1695;1,1571;1,1428;1,1264;1,1080;1,0876;1,0568;1,0410;1,0149;0,9868;0,9601;0,9311;0,9000;0,8702;0,8348;0,7972;0,7339;0,6728;0,6124;0,5536;0,4961;0,4402;0,3857;0,3326;0,2809;0,2306;0,1818;0,1352;0,0888;0,0429;0,0052
07:30:00;1,1915;1,1916;1,1855;1,1774;1,1671;1,1548;1,1405;1,1241;1,1057;1,0854;1,0547;1,0389;1,0128;0,9848;0,9581;0,9292;0,8982;0,8685;0,8331;0,7956;0,7324;0,6714;0,6112;0,5524;0,4951;0,4393;0,3849;0,3319;0,2803;0,2302;0,1814;0,1349;0,0886;0,0428;0,0052
07:45:00;1,1881;1,1882;1,1821;1,1740;1,1637;1,1514;1,1371;1,1208;1,1025;1,0823;1,0516;1,0359;1,0099;0,9820;0,9553;0,9265;0,8956;0,8660;0,8306;0,7933;0,7303;0,6695;0,6094;0,5508;0,4937;0,4380;0,3838;0,3309;0,2795;0,2295;0,1809;0,1345;0,0884;0,0427;0,0052
08:00:00;1,1825;1,1825;1,1765;1,1684;1,1582;1,1460;1,1318;1,1155;1,0973;1,0772;1,0467;1,0310;1,0051;0,9773;0,9508;0,9222;0,8914;0,8619;0,8267;0,7895;0,7268;0,6663;0,6065;0,5482;0,4914;0,4359;0,3819;0,3294;0,2782;0,2284;0,1800;0,1339;0,0879;0,0425;0,0051
08:15:00;1,1798;1,1799;1,1738;1,1657;1,1556;1,1434;1,1292;1,1130;1,0948;1,0747;1,0443;1,0287;1,0028;0,9751;0,9487;0,9201;0,8893;0,8599;0,8248;0,7877;0,7252;0,6648;0,6052;0,5470;0,4902;0,4349;0,3811;0,3286;0,2776;0,2279;0,1796;0,1336;0,0877;0,0424;0,0051
08:30:00;1,1806;1,1807;1,1747;1,1666;1,1564;1,1442;1,1300;1,1138;1,0956;1,0755;1,0450;1,0294;1,0036;0,9758;0,9494;0,9207;0,8900;0,8605;0,8254;0,7883;0,7257;0,6653;0,6056;0,5474;0,4906;0,4353;0,3813;0,3289;0,2778;0,2281;0,1797;0,1337;0,0878;0,0424;0,0051
08:45:00;1,1759;1,1760;1,1700;1,1619;1,1518;1,1397;1,1255;1,1094;1,0913;1,0712;1,0409;1,0253;0,9996;0,9719;0,9456;0,9171;0,8864;0,8571;0,8222;0,7851;0,7228;0,6626;0,6032;0,5452;0,4886;0,4335;0,3798;0,3275;0,2767;0,2271;0,1790;0,1331;0,0875;0,0422;0,0051
09:00:00;1,1761;1,1762;1,1702;1,1621;1,1520;1,1398;1,1257;1,1095;1,0914;1,0713;1,0410;1,0255;0,9997;0,9721;0,9457;0,9172;0,8865;0,8572;0,8223;0,7852;0,7229;0,6627;0,6033;0,5453;0,4887;0,4336;0,3799;0,3276;0,2767;0,2272;0,1790;0,1332;0,0875;0,0422;0,0051
09:15:00;1,1723;1,1724;1,1664;1,1583;1,1483;1,1361;1,1220;1,1059;1,0879;1,0679;1,0377;1,0222;0,9965;0,9689;0,9426;0,9142;0,8837;0,8544;0,8196;0,7827;0,7206;0,6606;0,6013;0,5435;0,4871;0,4322;0,3787;0,3265;0,2758;0,2264;0,1785;0,1327;0,0872;0,0421;0,0051
09:30:00;1,1633;1,1634;1,1575;1,1495;1,1395;1,1275;1,1135;1,0975;1,0796;1,0597;1,0297;1,0144;0,9889;0,9615;0,9355;0,9073;0,8770;0,8479;0,8134;0,7767;0,7151;0,6555;0,5967;0,5394;0,4834;0,4289;0,3758;0,3240;0,2737;0,2247;0,1771;0,1317;0,0865;0,0418;0,0051
09:45:00;1,1579;1,1580;1,1521;1,1442;1,1342;1,1223;1,1083;1,0924;1,0746;1,0548;1,0250;1,0097;0,9843;0,9571;0,9311;0,9030;0,8729;0,8440;0,8096;0,7731;0,7118;0,6525;0,5940;0,5369;0,4812;0,4269;0,3740;0,3225;0,2724;0,2237;0,1763;0,1311;0,0861;0,0416;0,0050
10:00:00;1,1509;1,1510;1,1451;1,1372;1,1273;1,1154;1,1016;1,0858;1,0680;1,0484;1,0187;1,0035;0,9783;0,9513;0,9255;0,8976;0,8676;0,8389;0,8047;0,7684;0,7074;0,6485;0,5904;0,5336;0,4783;0,4243;0,3718;0,3206;0,2708;0,2223;0,1752;0,1303;0,0856;0,0413;0,0050
10:15:00;1,1414;1,1415;1,1357;1,1279;1,1180;1,1062;1,0925;1,0768;1,0592;1,0398;1,0103;0,9952;0,9702;0,9434;0,9178;0,8902;0,8604;0,8319;0,7980;0,7621;0,7016;0,6432;0,5855;0,5292;0,4743;0,4208;0,3687;0,3179;0,2685;0,2205;0,1738;0,1292;0,0849;0,0410;0,0050
10:30:00;1,1327;1,1328;1,1270;1,1192;1,1095;1,0978;1,0841;1,0686;1,0511;1,0318;1,0026;0,9876;0,9628;0,9362;0,9108;0,8833;0,8538;0,8256;0,7919;0,7563;0,6962;0,6383;0,5810;0,5252;0,4707;0,4176;0,3659;0,3155;0,2665;0,2188;0,1724;0,1283;0,0842;0,0407;0,0049
10:45:00;1,1264;1,1265;1,1208;1,1130;1,1033;1,0917;1,0781;1,0627;1,0453;1,0261;0,9971;0,9822;0,9575;0,9310;0,9058;0,8785;0,8491;0,8210;0,7875;0,7521;0,6924;0,6347;0,5778;0,5222;0,4681;0,4153;0,3638;0,3138;0,2650;0,2176;0,1715;0,1275;0,0838;0,0404;0,0049
11:00:00;0,0000;0,0000;0,0000;0,0000;0,0000;0,0000;0,0000;0,0000;0,0000;0,0000;0,0000;0,0000;0,0000;0,0000;0,0000;0,0000;0,0000;0,0000;0,0000;0,0000;0,0000;0,0000;0,0000;0,0000;0,0000;0,0000;0,0000;0,0000;0,0000;0,0000;0,0000;0,0000;0,0000;0,0000;0,0000
11:15:00;0,0000;0,0000;0,0000;0,0000;0,0000;0,0000;0,0000;0,0000;0,0000;0,0000;0,0000;0,0000;0,0000;0,0000;0,0000;0,0000;0,0000;0,0000;0,0000;0,0000;0,0000;0,0000;0,0000;0,0000;0,0000;0,0000;0,0000;0,0000;0,0000;0,0000;0,0000;0,0000;0,0000;0,0000;0,0000
11:30:00;0,0000;0,0000;0,0000;0,0000;0,0000;0,0000;0,0000;0,0000;0,0000;0,0000;0,0000;0,0000;0,0000;0,0000;0,0000;0,0000;0,0000;0,0000;0,0000;0,0000;0,0000;0,0000;0,0000;0,0000;0,0000;0,0000;0,0000;0,0000;0,0000;0,0000;0,0000;0,0000;0,0000;0,0000;0,0000
11:45:00;0,0000;0,0000;0,0000;0,0000;0,0000;0,0000;0,0000;0,0000;0,0000;0,0000;0,0000;0,0000;0,0000;0,0000;0,0000;0,0000;0,0000;0,0000;0,0000;0,0000;0,0000;0,0000;0,0000;0,0000;0,0000;0,0000;0,0000;0,0000;0,0000;0,0000;0,0000;0,0000;0,0000;0,0000;0,0000
12:00:00;1,0708;1,0709;1,0655;1,0581;1,0489;1,0378;1,0249;1,0102;0,9937;0,9755;0,9479;0,9337;0,9102;0,8851;0,8611;0,8351;0,8072;0,7805;0,7487;0,7150;0,6582;0,6034;0,5493;0,4965;0,4450;0,3948;0,3459;0,2983;0,2519;0,2068;0,1630;0,1213;0,0796;0,0385;0,0047
12:15:00;1,0666;1,0666;1,0612;1,0539;1,0447;1,0337;1,0209;1,0062;0,9898;0,9716;0,9441;0,9300;0,9066;0,8816;0,8576;0,8318;0,8040;0,7774;0,7457;0,7121;0,6556;0,6010;0,5471;0,4945;0,4432;0,3932;0,3445;0,2971;0,2509;0,2060;0,1624;0,1208;0,0793;0,0383;0,0046
12:30:00;1,0578;1,0579;1,0525;1,0453;1,0362;1,0252;1,0125;0,9980;0,9817;0,9636;0,9364;0,9224;0,8992;0,8743;0,8506;0,8250;0,7974;0,7710;0,7396;0,7063;0,6502;0,5961;0,5426;0,4904;0,4396;0,3900;0,3417;0,2947;0,2489;0,2043;0,1610;0,1198;0,0787;0,0380;0,0046
12:45:00;1,0548;1,0549;1,0495;1,0423;1,0332;1,0223;1,0096;0,9951;0,9789;0,9609;0,9337;0,9197;0,8966;0,8718;0,8482;0,8226;0,7951;0,7688;0,7375;0,7043;0,6484;0,5944;0,5411;0,4890;0,4383;0,3889;0,3407;0,2938;0,2482;0,2037;0,1606;0,1194;0,0784;0,0379;0,0046
13:00:00;1,0540;1,0541;1,0487;1,0415;1,0324;1,0215;1,0088;0,9944;0,9781;0,9601;0,9330;0,9190;0,8959;0,8712;0,8475;0,8220;0,7945;0,7682;0,7369;0,7038;0,6479;0,5939;0,5407;0,4887;0,4380;0,3886;0,3405;0,2936;0,2480;0,2036;0,1605;0,1193;0,0784;0,0378;0,0046
13:15:00;1,0481;1,0482;1,0428;1,0356;1,0266;1,0158;1,0032;0,9888;0,9726;0,9548;0,9277;0,9139;0,8909;0,8663;0,8428;0,8174;0,7901;0,7639;0,7328;0,6998;0,6442;0,5906;0,5376;0,4859;0,4355;0,3864;0,3385;0,2919;0,2466;0,2025;0,1596;0,1187;0,0780;0,0376;0,0046
13:30:00;1,0454;1,0455;1,0401;1,0330;1,0240;1,0132;1,0006;0,9862;0,9701;0,9523;0,9253;0,9115;0,8886;0,8641;0,8406;0,8153;0,7880;0,7620;0,7309;0,6980;0,6426;0,5891;0,5362;0,4847;0,4344;0,3854;0,3377;0,2912;0,2459;0,2019;0,1591;0,1184;0,0777;0,0375;0,0045
13:45:00;1,0436;1,0437;1,0384;1,0312;1,0222;1,0115;0,9989;0,9846;0,9685;0,9507;0,9238;0,9100;0,8871;0,8626;0,8392;0,8139;0,7867;0,7607;0,7297;0,6968;0,6415;0,5881;0,5353;0,4839;0,4337;0,3848;0,3371;0,2907;0,2455;0,2016;0,1589;0,1182;0,0776;0,0375;0,0045
14:00:00;1,0434;1,0434;1,0381;1,0310;1,0220;1,0112;0,9986;0,9843;0,9682;0,9504;0,9235;0,9097;0,8869;0,8624;0,8390;0,8137;0,7865;0,7605;0,7295;0,6966;0,6413;0,5879;0,5352;0,4837;0,4336;0,3847;0,3370;0,2906;0,2455;0,2015;0,1588;0,1181;0,0776;0,0375;0,0045
14:15:00;1,0430;1,0431;1,0378;1,0306;1,0216;1,0108;0,9983;0,9840;0,9679;0,9501;0,9232;0,9094;0,8866;0,8621;0,8387;0,8134;0,7862;0,7602;0,7292;0,6964;0,6411;0,5877;0,5350;0,4836;0,4334;0,3845;0,3369;0,2905;0,2454;0,2015;0,1588;0,1181;0,0776;0,0375;0,0045
14:30:00;1,0399;1,0400;1,0347;1,0275;1,0186;1,0078;0,9953;0,9810;0,9650;0,9473;0,9205;0,9067;0,8839;0,8595;0,8362;0,8110;0,7839;0,7580;0,7271;0,6943;0,6392;0,5860;0,5334;0,4821;0,4321;0,3834;0,3359;0,2897;0,2447;0,2009;0,1583;0,1177;0,0773;0,0373;0,0045
14:45:00;1,0402;1,0403;1,0350;1,0278;1,0189;1,0081;0,9956;0,9813;0,9653;0,9476;0,9208;0,9070;0,8842;0,8598;0,8364;0,8112;0,7841;0,7582;0,7273;0,6945;0,6394;0,5862;0,5336;0,4823;0,4323;0,3835;0,3360;0,2897;0,2447;0,2009;0,1584;0,1178;0,0774;0,0374;0,0045
15:00:00;1,0447;1,0448;1,0394;1,0323;1,0233;1,0125;0,9999;0,9856;0,9695;0,9516;0,9247;0,9109;0,8880;0,8635;0,8400;0,8147;0,7875;0,7614;0,7304;0,6975;0,6421;0,5887;0,5359;0,4843;0,4341;0,3851;0,3374;0,2910;0,2458;0,2018;0,1590;0,1183;0,0777;0,0375;0,0045
15:15:00;1,0428;1,0429;1,0376;1,0304;1,0214;1,0107;0,9981;0,9838;0,9677;0,9499;0,9231;0,9093;0,8864;0,8619;0,8385;0,8133;0,7861;0,7601;0,7291;0,6963;0,6410;0,5876;0,5349;0,4835;0,4333;0,3845;0,3368;0,2905;0,2453;0,2014;0,1587;0,1181;0,0776;0,0374;0,0045
15:30:00;1,0379;1,0379;1,0326;1,0255;1,0166;1,0059;0,9934;0,9791;0,9631;0,9454;0,9187;0,9049;0,8822;0,8578;0,8346;0,8094;0,7824;0,7565;0,7256;0,6930;0,6380;0,5848;0,5324;0,4812;0,4313;0,3826;0,3352;0,2891;0,2442;0,2005;0,1580;0,1175;0,0772;0,0373;0,0045
15:45:00;1,0381;1,0382;1,0329;1,0258;1,0168;1,0061;0,9936;0,9794;0,9634;0,9457;0,9189;0,9052;0,8824;0,8580;0,8348;0,8096;0,7826;0,7567;0,7258;0,6931;0,6381;0,5850;0,5325;0,4813;0,4314;0,3827;0,3353;0,2892;0,2442;0,2005;0,1580;0,1175;0,0772;0,0373;0,0045
16:00:00;1,0446;1,0447;1,0393;1,0322;1,0232;1,0124;0,9998;0,9855;0,9694;0,9516;0,9246;0,9108;0,8879;0,8634;0,8400;0,8147;0,7874;0,7614;0,7303;0,6975;0,6421;0,5886;0,5358;0,4843;0,4341;0,3851;0,3374;0,2910;0,2458;0,2018;0,1590;0,1183;0,0777;0,0375;0,0045
16:15:00;1,0481;1,0482;1,0428;1,0356;1,0266;1,0158;1,0032;0,9888;0,9726;0,9547;0,9277;0,9139;0,8909;0,8663;0,8428;0,8174;0,7901;0,7639;0,7328;0,6998;0,6442;0,5906;0,5376;0,4859;0,4355;0,3864;0,3385;0,2919;0,2466;0,2025;0,1596;0,1187;0,0779;0,0376;0,0046
16:30:00;1,0553;1,0553;1,0500;1,0427;1,0336;1,0227;1,0100;0,9955;0,9793;0,9613;0,9341;0,9201;0,8970;0,8722;0,8486;0,8230;0,7955;0,7692;0,7378;0,7046;0,6487;0,5946;0,5413;0,4893;0,4385;0,3890;0,3409;0,2939;0,2483;0,2038;0,1606;0,1195;0,0785;0,0379;0,0046
16:45:00;1,0567;1,0568;1,0514;1,0442;1,0351;1,0241;1,0114;0,9969;0,9806;0,9626;0,9354;0,9214;0,8982;0,8734;0,8497;0,8241;0,7966;0,7702;0,7388;0,7056;0,6495;0,5955;0,5420;0,4899;0,4391;0,3896;0,3413;0,2943;0,2486;0,2041;0,1609;0,1197;0,0786;0,0379;0,0046
17:00:00;0,0000;0,0000;0,0000;0,0000;0,0000;0,0000;0,0000;0,0000;0,0000;0,0000;0,0000;0,0000;0,0000;0,0000;0,0000;0,0000;0,0000;0,0000;0,0000;0,0000;0,0000;0,0000;0,0000;0,0000;0,0000;0,0000;0,0000;0,0000;0,0000;0,0000;0,0000;0,0000;0,0000;0,0000;0,0000
17:15:00;0,0000;0,0000;0,0000;0,0000;0,0000;0,0000;0,0000;0,0000;0,0000;0,0000;0,0000;0,0000;0,0000;0,0000;0,0000;0,0000;0,0000;0,0000;0,0000;0,0000;0,0000;0,0000;0,0000;0,0000;0,0000;0,0000;0,0000;0,0000;0,0000;0,0000;0,0000;0,0000;0,0000;0,0000;0,0000
17:30:00;0,0000;0,0000;0,0000;0,0000;0,0000;0,0000;0,0000;0,0000;0,0000;0,0000;0,0000;0,0000;0,0000;0,0000;0,0000;0,0000;0,0000;0,0000;0,0000;0,0000;0,0000;0,0000;0,0000;0,0000;0,0000;0,0000;0,0000;0,0000;0,0000;0,0000;0,0000;0,0000;0,0000;0,0000;0,0000
17:45:00;0,0000;0,0000;0,0000;0,0000;0,0000;0,0000;0,0000;0,0000;0,0000;0,0000;0,0000;0,0000;0,0000;0,0000;0,0000;0,0000;0,0000;0,0000;0,0000;0,0000;0,0000;0,0000;0,0000;0,0000;0,0000;0,0000;0,0000;0,0000;0,0000;0,0000;0,0000;0,0000;0,0000;0,0000;0,0000
18:00:00;1,0670;1,0671;1,0616;1,0543;1,0451;1,0341;1,0213;1,0066;0,9902;0,9720;0,9445;0,9303;0,9070;0,8819;0,8580;0,8321;0,8043;0,7777;0,7460;0,7124;0,6559;0,6013;0,5473;0,4947;0,4434;0,3934;0,3446;0,2972;0,2510;0,2061;0,1624;0,1208;0,0794;0,0383;0,0046
18:15:00;1,0744;1,0745;1,0690;1,0617;1,0524;1,0413;1,0284;1,0136;0,9971;0,9788;0,9511;0,9368;0,9133;0,8881;0,8640;0,8379;0,8099;0,7831;0,7512;0,7174;0,6604;0,6055;0,5511;0,4982;0,4465;0,3961;0,3471;0,2993;0,2528;0,2075;0,1636;0,1217;0,0799;0,0386;0,0047
18:30:00;1,0833;1,0834;1,0779;1,0705;1,0611;1,0499;1,0369;1,0220;1,0053;0,9869;0,9589;0,9446;0,9209;0,8954;0,8711;0,8449;0,8166;0,7896;0,7574;0,7233;0,6659;0,6105;0,5557;0,5023;0,4502;0,3994;0,3499;0,3018;0,2549;0,2093;0,1649;0,1227;0,0806;0,0389;0,0047
18:45:00;1,0961;1,0962;1,0906;1,0831;1,0736;1,0623;1,0491;1,0341;1,0172;0,9985;0,9702;0,9557;0,9317;0,9060;0,8814;0,8548;0,8263;0,7989;0,7663;0,7319;0,6738;0,6177;0,5622;0,5082;0,4555;0,4041;0,3541;0,3053;0,2579;0,2117;0,1669;0,1241;0,0815;0,0394;0,0048
19:00:00;1,1035;1,1035;1,0979;1,0904;1,0809;1,0695;1,0562;1,0410;1,0240;1,0052;0,9768;0,9622;0,9380;0,9120;0,8873;0,8606;0,8318;0,8043;0,7715;0,7368;0,6783;0,6218;0,5660;0,5116;0,4585;0,4068;0,3564;0,3074;0,2596;0,2131;0,1680;0,1249;0,0821;0,0396;0,0048
19:15:00;1,1118;1,1119;1,1062;1,0986;1,0890;1,0775;1,0641;1,0489;1,0317;1,0128;0,9841;0,9694;0,9450;0,9189;0,8940;0,8670;0,8381;0,8103;0,7773;0,7423;0,6834;0,6265;0,5703;0,5155;0,4620;0,4099;0,3591;0,3097;0,2616;0,2148;0,1692;0,1259;0,0827;0,0399;0,0048
19:30:00;1,1201;1,1201;1,1144;1,1067;1,0971;1,0855;1,0720;1,0567;1,0394;1,0203;0,9914;0,9766;0,9521;0,9258;0,9007;0,8735;0,8443;0,8164;0,7831;0,7479;0,6885;0,6312;0,5745;0,5193;0,4654;0,4129;0,3618;0,3120;0,2635;0,2164;0,1705;0,1268;0,0833;0,0402;0,0049
19:45:00;1,1226;1,1227;1,1170;1,1093;1,0996;1,0880;1,0745;1,0591;1,0418;1,0227;0,9937;0,9789;0,9543;0,9279;0,9027;0,8755;0,8463;0,8183;0,7849;0,7496;0,6901;0,6326;0,5759;0,5205;0,4665;0,4139;0,3626;0,3127;0,2641;0,2169;0,1709;0,1271;0,0835;0,0403;0,0049
20:00:00;1,1277;1,1277;1,1220;1,1143;1,1045;1,0929;1,0793;1,0638;1,0465;1,0272;0,9982;0,9832;0,9585;0,9320;0,9068;0,8794;0,8501;0,8219;0,7884;0,7529;0,6931;0,6354;0,5784;0,5228;0,4686;0,4157;0,3642;0,3141;0,2653;0,2178;0,1717;0,1277;0,0839;0,0405;0,0049
20:15:00;1,1393;1,1394;1,1336;1,1258;1,1160;1,1042;1,0905;1,0748;1,0573;1,0378;1,0085;0,9934;0,9684;0,9417;0,9161;0,8885;0,8588;0,8304;0,7966;0,7607;0,7003;0,6420;0,5844;0,5282;0,4734;0,4200;0,3680;0,3173;0,2680;0,2201;0,1734;0,1290;0,0847;0,0409;0,0050
20:30:00;1,1513;1,1514;1,1456;1,1377;1,1277;1,1158;1,1020;1,0862;1,0684;1,0488;1,0191;1,0039;0,9787;0,9516;0,9258;0,8979;0,8679;0,8392;0,8050;0,7687;0,7077;0,6488;0,5906;0,5338;0,4784;0,4245;0,3719;0,3207;0,2709;0,2224;0,1753;0,1304;0,0856;0,0413;0,0050
20:45:00;1,1543;1,1544;1,1485;1,1406;1,1306;1,1187;1,1048;1,0890;1,0712;1,0515;1,0217;1,0065;0,9812;0,9541;0,9282;0,9002;0,8701;0,8413;0,8070;0,7707;0,7095;0,6504;0,5921;0,5352;0,4797;0,4256;0,3728;0,3215;0,2716;0,2230;0,1757;0,1307;0,0858;0,0414;0,0050
21:00:00;1,1576;1,1576;1,1517;1,1438;1,1338;1,1219;1,1079;1,0920;1,0742;1,0545;1,0246;1,0093;0,9840;0,9568;0,9308;0,9027;0,8726;0,8437;0,8093;0,7729;0,7115;0,6523;0,5938;0,5367;0,4810;0,4268;0,3739;0,3224;0,2723;0,2236;0,1762;0,1311;0,0861;0,0416;0,0050
21:15:00;1,1589;1,1590;1,1531;1,1451;1,1352;1,1232;1,1092;1,0933;1,0755;1,0557;1,0258;1,0105;0,9851;0,9579;0,9319;0,9038;0,8736;0,8447;0,8102;0,7738;0,7124;0,6530;0,5945;0,5373;0,4816;0,4273;0,3743;0,3228;0,2726;0,2239;0,1764;0,1312;0,0862;0,0416;0,0050
21:30:00;1,1645;1,1646;1,1586;1,1507;1,1406;1,1286;1,1146;1,0986;1,0806;1,0608;1,0308;1,0154;0,9898;0,9625;0,9364;0,9082;0,8778;0,8488;0,8142;0,7775;0,7158;0,6562;0,5973;0,5399;0,4839;0,4293;0,3761;0,3244;0,2740;0,2249;0,1773;0,1319;0,0866;0,0418;0,0051
21:45:00;1,1702;1,1702;1,1643;1,1562;1,1462;1,1341;1,1200;1,1039;1,0859;1,0659;1,0358;1,0203;0,9947;0,9672;0,9409;0,9126;0,8821;0,8529;0,8181;0,7813;0,7193;0,6594;0,6002;0,5425;0,4863;0,4314;0,3780;0,3259;0,2753;0,2260;0,1781;0,1325;0,0870;0,0420;0,0051
22:00:00;1,5346;1,5347;1,5269;1,5164;1,5031;1,4873;1,4688;1,4477;1,4241;1,3979;1,3584;1,3381;1,3044;1,2684;1,2340;1,1968;1,1568;1,1185;1,0729;1,0246;0,9433;0,8647;0,7872;0,7115;0,6377;0,5658;0,4957;0,4274;0,3610;0,2964;0,2336;0,1738;0,1141;0,0551;0,0067
22:15:00;1,5353;1,5354;1,5276;1,5171;1,5039;1,4880;1,4695;1,4484;1,4248;1,3986;1,3590;1,3387;1,3051;1,2690;1,2346;1,1974;1,1574;1,1191;1,0734;1,0251;0,9437;0,8652;0,7875;0,7118;0,6380;0,5660;0,4959;0,4277;0,3612;0,2966;0,2337;0,1738;0,1142;0,0551;0,0067
22:30:00;1,5283;1,5284;1,5206;1,5102;1,4970;1,4812;1,4628;1,4418;1,4183;1,3922;1,3528;1,3326;1,2991;1,2632;1,2289;1,1919;1,1521;1,1139;1,0685;1,0204;0,9394;0,8612;0,7840;0,7086;0,6351;0,5634;0,4937;0,4257;0,3596;0,2952;0,2327;0,1731;0,1137;0,0549;0,0066
22:45:00;1,5202;1,5203;1,5125;1,5021;1,4890;1,4733;1,4550;1,4341;1,4107;1,3848;1,3456;1,3255;1,2922;1,2565;1,2224;1,1855;1,1459;1,1080;1,0628;1,0150;0,9344;0,8566;0,7798;0,7048;0,6317;0,5604;0,4910;0,4234;0,3576;0,2936;0,2314;0,1721;0,1131;0,0546;0,0066
23:00:00;1,5052;1,5054;1,4977;1,4874;1,4744;1,4588;1,4407;1,4201;1,3969;1,3712;1,3324;1,3125;1,2795;1,2441;1,2104;1,1739;1,1347;1,0971;1,0524;1,0050;0,9252;0,8482;0,7721;0,6979;0,6255;0,5549;0,4862;0,4193;0,3541;0,2908;0,2291;0,1704;0,1119;0,0540;0,0065
23:15:00;1,5072;1,5073;1,4997;1,4893;1,4763;1,4608;1,4426;1,4219;1,3987;1,3730;1,3341;1,3142;1,2812;1,2458;1,2120;1,1754;1,1362;1,0986;1,0538;1,0064;0,9265;0,8493;0,7731;0,6988;0,6263;0,5557;0,4868;0,4198;0,3546;0,2911;0,2294;0,1707;0,1121;0,0541;0,0065
23:30:00;1,5043;1,5044;1,4967;1,4864;1,4735;1,4579;1,4398;1,4191;1,3960;1,3703;1,3315;1,3116;1,2787;1,2433;1,2096;1,1731;1,1340;1,0964;1,0517;1,0044;0,9247;0,8477;0,7716;0,6974;0,6251;0,5546;0,4859;0,4190;0,3539;0,2906;0,2290;0,1703;0,1119;0,0540;0,0065
23:45:00;1,4992;1,4993;1,4916;1,4813;1,4684;1,4529;1,4349;1,4143;1,3912;1,3656;1,3270;1,3072;1,2743;1,2391;1,2055;1,1691;1,1301;1,0927;1,0481;1,0010;0,9215;0,8448;0,7690;0,6951;0,6230;0,5527;0,4842;0,4176;0,3527;0,2896;0,2282;0,1697;0,1115;0,0538;0,0065